TRUNCATE TABLE CIUDAD;
TRUNCATE TABLE CATEGORIA;
TRUNCATE TABLE CLIENTE;
TRUNCATE TABLE ITEM;
TRUNCATE TABLE MOVIMIENTO;
TRUNCATE TABLE PELUQUERO;
TRUNCATE TABLE PRODUCTO;
TRUNCATE TABLE SERVICIO;
TRUNCATE TABLE SERVICIO_TURNO;
TRUNCATE TABLE TRABAJO_TURNO;
TRUNCATE TABLE TRABAJO_PELUQUERO;
TRUNCATE TABLE TURNOS;
TRUNCATE TABLE VENTA;



INSERT INTO `CIUDAD` (`ID_CIUDAD`, `NOMBRE`) VALUES
(1, 'La Plata'),
(2, 'Ensenada'),
(3, 'Berisso');

INSERT INTO `CATEGORIA` (`ID_CATEGORIA`, `NOMBRE`) VALUES
(1, 'Turnos'),
(2, 'Peluqueros'),
(3, 'Ventas'),
(4, 'Luz'),
(5, 'Gas');

INSERT INTO `CLIENTE` (`ID_PERSONA`, `NOMBRE`, `APELLIDO`, `EMAIL`, `SEXO`, `TELEFONO`, `INGRESO`, `CIUDAD`, `CALLE`, `NUMERO`, `PISO`, `DPTO`, `NOTAS`, `ULT_VISITA`) VALUES
(19, 'Luisa', 'Pineda', 'LuisaPineda@gmail.com', 'mujer', '23453425', '2017-10-30', 'La Plata', NULL, 0, 0, NULL, NULL, '2017-10-30'),
(20, 'Roberto', 'Ruiz', 'RobertoRuiz@gmail.com', 'hombre', '23452456', '2017-10-30', 'La Plata', NULL, 0, 0, NULL, NULL, '2017-10-30'),
(21, 'Antonia', 'Monsalve', 'AntoniaMonsalve@gmail.com', 'mujer', '4567234', '2017-10-30', 'La Plata', NULL, 0, 0, NULL, NULL, '2017-10-30'),
(22, 'Julio', 'Martinez', 'JulioMartinez@gmail.com', 'hombre', '5678452', '2017-10-30', 'La Plata', NULL, 0, 0, NULL, NULL, '2017-10-30'),
(6, 'Fabia', 'Saldarriaga', 'FabiaSaldarriaga@gmail.com', 'mujer', '3456234', '2017-10-30', 'La Plata', NULL, 0, 0, NULL, NULL, '2017-10-30'),
(5, 'Eugenia', 'Molina', 'EugeniaMolina@gmail.com', 'mujer', '23452345', '2017-10-30', 'La Plata', NULL, 0, 0, NULL, NULL, '2017-10-30'),
(41, 'Aidan', 'Godoy', 'nunc.risus@gmail.com', 'hombre', '18090924', '2017-10-03', 'La Plata', NULL, 0, 0, NULL, NULL, '2017-10-03'),
(40, 'Carina', 'Olga', 'kolga@gmail.com', 'mujer', '234567765', '2017-10-16', 'Berisso', NULL, 0, 0, NULL, NULL, '2017-10-16'),
(39, 'Sergio', 'Aguero', 'kun@gmail.com', 'hombre', '2345234', '2017-10-07', 'Ensenada', NULL, 0, 0, NULL, NULL, '2017-10-07'),
(38, 'Alberto', 'Rodriguez Saa', 'saa@gmail.com', 'hombre', '234563567', '2017-10-03', 'La Plata', NULL, 0, 0, NULL, NULL, '2017-10-25'),
(37, 'Beatriz', 'Hurtado', 'BeatrizHurtado@gmail.com', 'mujer', '23432454', '2017-10-30', 'Berisso', NULL, 0, 0, NULL, NULL, '2018-01-17'),
(36, 'Elena', 'Laverde', 'ElenaLaverde@gmail.com', 'mujer', '23453453', '2017-10-30', 'Berisso', NULL, 0, 0, NULL, NULL, '2017-10-30'),
(35, 'Gloria', 'Villegas', 'GloriaVillegas@gmail.com', 'mujer', '12341234', '2017-10-30', 'Berisso', NULL, 0, 0, NULL, NULL, '2017-10-30'),
(4, 'Elena', 'Morales', 'ElenaMorales@gmail.com', 'mujer', '234534', '2017-10-30', 'La Plata', NULL, 0, 0, NULL, NULL, '2017-10-30'),
(3, 'Gloria', 'Castro', 'GloriaCastro@gmail.com', 'mujer', '3456345', '2017-10-30', 'La Plata', NULL, 0, 0, NULL, NULL, '2017-10-30'),
(2, 'Ivana', 'Saldarriaga', 'IvanaSaldarriaga@gmail.com', 'mujer', '2343243', '2017-10-30', 'La Plata', NULL, 0, 0, NULL, NULL, '2017-10-30'),
(1, 'Beatriz', 'Trujillo', 'BeatrizTrujillo@gmail.com', 'mujer', '34534534', '2017-10-30', 'La Plata', NULL, 0, 0, NULL, NULL, '2017-10-30'),
(18, 'Luis', 'Puerta', 'LuisPuerta@gmail.com', 'hombre', '3463456243', '2017-10-30', 'La Plata', NULL, 0, 0, NULL, NULL, '2017-10-30'),
(17, 'Gonzalo', 'Trujillo', 'GonzaloTrujillo@gmail.com', 'hombre', '2342342345', '2017-10-30', 'La Plata', NULL, 0, 0, NULL, NULL, '2017-10-30'),
(16, 'Jorge', 'Alvarez', 'JorgeAlvarez@gmail.com', 'hombre', '23452345', '2017-10-30', 'La Plata', NULL, 0, 0, NULL, NULL, '2017-10-30'),
(15, 'Alberto', 'Victoria', 'AlbertoVictoria@gmail.com', 'hombre', '12343456', '2017-10-30', 'La Plata', NULL, 0, 0, NULL, NULL, '2018-01-17'),
(14, 'Augusto', 'Rodas', 'AugustoRodas@gmail.com', 'hombre', '23452345', '2017-10-30', 'La Plata', NULL, 0, 0, NULL, NULL, '2018-01-17'),
(13, 'Carla', 'Naranjo', 'CarlaNaranjo@gmail.com', 'mujer', '23452345', '2017-10-30', 'La Plata', NULL, 0, 0, NULL, NULL, '2017-10-30'),
(12, 'Ivana', 'Mosquera', 'IvanaMosquera@gmail.com', 'mujer', '23452345', '2017-10-30', 'La Plata', NULL, 0, 0, NULL, NULL, '2017-10-30'),
(11, 'Alejandra', 'Gonzalez', 'AlejandraGonzalez@gmail.com', 'mujer', '23452345', '2017-10-30', 'La Plata', NULL, 0, 0, NULL, NULL, '2017-10-30'),
(10, 'Victoria', 'Escobar', 'VictoriaEscobar@gmail.com', 'mujer', '123423423', '2017-10-30', 'La Plata', NULL, 0, 0, NULL, NULL, '2017-10-30'),
(9, 'Maria', 'Lotero', 'MariaLotero@gmail.com', 'mujer', '234234523', '2017-10-30', 'La Plata', NULL, 0, 0, NULL, NULL, '2017-10-30'),
(8, 'Maria', 'Morales', 'MariaMorales@gmail.com', 'mujer', '213452345', '2017-10-30', 'La Plata', NULL, 0, 0, NULL, NULL, '2017-10-30'),
(7, 'Maria', 'Castro', 'MariaCastro@gmail.com', 'mujer', '2345234624', '2017-10-30', 'La Plata', NULL, 0, 0, NULL, NULL, '2017-10-30'),
(29, 'Roberto', 'Lotero', 'RobertoLotero@gmail.com', 'hombre', '234524352', '2017-10-30', 'Ensenada', NULL, 0, 0, NULL, NULL, '2017-10-30'),
(28, 'Sofia', 'Laverde', 'SofiaLaverde@gmail.com', 'mujer', '23424366', '2017-10-30', 'La Plata', NULL, 0, 0, NULL, NULL, '2017-12-02'),
(27, 'Sonia', 'Giraldo', 'SoniaGiraldo@gmail.com', 'mujer', '23432456356', '2017-10-30', 'La Plata', NULL, 0, 0, NULL, NULL, '2017-10-30'),
(26, 'Ana', 'Correa', 'AnaCorrea@gmail.com', 'mujer', '23453456', '2017-10-30', 'La Plata', NULL, 0, 0, NULL, NULL, '2017-10-30'),
(25, 'Juana', 'Bocanumenth', 'JuanaBocanumenth@gmail.com', 'mujer', '3456578', '2017-10-30', 'La Plata', NULL, 0, 0, NULL, NULL, '2017-10-30'),
(24, 'Juliana', 'Arias', 'JulianaArias@gmail.com', 'mujer', '234545', '2017-10-30', 'La Plata', NULL, 0, 0, NULL, NULL, '2018-01-17'),
(23, 'Julia', 'Perez', 'JuliaPerez@gmail.com', 'mujer', '213423', '2017-10-30', 'La Plata', NULL, 0, 0, NULL, NULL, '2017-10-30'),
(30, 'Carlos', 'Duque', 'CarlosDuque@gmail.com', 'hombre', '2345456', '2017-10-30', 'Ensenada', NULL, 0, 0, NULL, NULL, '2017-10-30'),
(31, 'Jaime', 'Palacio', 'JaimePalacio@gmail.com', 'hombre', '23452345', '2017-10-30', 'Ensenada', NULL, 0, 0, NULL, NULL, '2017-10-30'),
(32, 'Cesar', 'Cano', 'CesarCano@gmail.com', 'hombre', '235234652', '2017-10-30', 'Ensenada', NULL, 0, 0, NULL, NULL, '2017-10-30'),
(33, 'German', 'Gaviria', 'GermanGaviria@gmail.com', 'hombre', '123412', '2017-10-30', 'Berisso', NULL, 0, 0, NULL, NULL, '2017-10-30'),
(34, 'Oscar', 'Osorio', 'OscarOsorio@gmail.com', 'hombre', '2456245', '2017-10-30', 'Berisso', NULL, 0, 0, NULL, NULL, '2017-10-30'),
(42, 'Jack', 'Guzman', 'pharetra.Quisque@gmail.com', 'hombre', '115367', '2017-10-03', 'La Plata', NULL, 0, 0, NULL, NULL, '2017-10-03'),
(43, 'Ronaldo', 'Flores', 'pharetra.sed.hendrerit@gmail.com', 'hombre', '8357108', '2017-10-03', 'La Plata', NULL, 0, 0, NULL, NULL, '2017-10-03'),
(44, 'Miley', 'Carvajal', 'Maecenas@gmail.com', 'mujer', '63147786', '2017-10-05', 'La Plata', NULL, 0, 0, NULL, NULL, '2017-10-05'),
(45, 'Anna', 'Carvajal', 'dignissim@gmail.com', 'mujer', '85504775', '2017-10-03', 'Berisso', NULL, 0, 0, NULL, NULL, '2017-10-03'),
(46, 'Robert', 'Campos', 'molestie@gmail.com', 'hombre', '63147786', '2017-10-15', 'Ensenada', NULL, 0, 0, NULL, NULL, '2017-10-15'),
(47, 'Cain', 'Orellana', 'sociis@gmail.com', 'hombre', '73111161', '2017-10-21', 'La Plata', NULL, 0, 0, NULL, NULL, '2018-01-17'),
(48, 'Arantza', 'Saez', 'ipsum@gmail.com', 'mujer', '98542893', '2017-10-22', 'La Plata', NULL, 0, 0, NULL, NULL, '2017-10-22'),
(49, 'Marthina', 'Gonzalez', 'Integer@gmail.com', 'mujer', '38983609', '2017-10-22', 'La Plata', NULL, 0, 0, NULL, NULL, '2017-12-01'),
(50, 'Antwan', 'Perez', 'auctor@gmail.com', 'mujer', '55997810', '2017-10-15', 'Ensenada', NULL, 0, 0, NULL, NULL, '2017-10-15'),
(51, 'Adriana', 'Reyes', 'placerat@gmail.com', 'mujer', '85360427', '2017-10-15', 'Ensenada', NULL, 0, 0, NULL, NULL, '2017-10-15'),
(52, 'Camilo', 'Maldonado', 'faucibus@gmail.com', 'hombre', '59631013', '2017-10-15', 'La Plata', NULL, 0, 0, NULL, NULL, '2017-10-15'),
(53, 'Axcel', 'Campos', 'euplacerat@gmail.com', 'hombre', '1125009', '2017-10-15', 'Berisso', NULL, 0, 0, NULL, NULL, '2017-10-15'),
(54, 'Yerko', 'Romero', 'sed@gmail.com', 'mujer', '33822848', '2017-10-15', 'La Plata', NULL, 0, 0, NULL, NULL, '2017-10-15'),
(55, 'Xavier', 'Flores', 'bibendum@gmail.com', 'hombre', '73632589', '2017-10-15', 'La Plata', NULL, 0, 0, NULL, NULL, '2017-10-15'),
(56, 'Kamila', 'Rivera', 'vitae@gmail.com', 'mujer', '23140233', '2017-10-15', 'La Plata', NULL, 0, 0, NULL, NULL, '2017-10-15'),
(57, 'Hugo', 'Paredes', 'fermentum@gmail.com', 'hombre', '26433768', '2017-10-15', 'La Plata', NULL, 0, 0, NULL, NULL, '2017-10-15'),
(58, 'Juliette', 'Castillo', 'Nulla@gmail.com', 'mujer', '61384339', '2017-10-15', 'La Plata', NULL, 0, 0, NULL, NULL, '2017-10-15'),
(59, 'Piera', 'Rodríguez', 'dignissim@gmail.com', 'mujer', '61649962', '2017-10-15', 'La Plata', NULL, 0, 0, NULL, NULL, '2017-10-15'),
(60, 'Consuelo', 'Orellana', 'consequat@gmail.com', 'mujer', '73817044', '2017-10-15', 'La Plata', NULL, 0, 0, NULL, NULL, '2017-10-15'),
(61, 'Darling', 'Integer', 'Integer@gmail.com', 'mujer', '80073754', '2017-10-15', 'Ensenada', NULL, 0, 0, NULL, NULL, '2017-10-15'),
(62, 'Anahi', 'Castro', 'semper@gmail.com', 'mujer', '33271634', '2017-10-15', 'Ensenada', NULL, 0, 0, NULL, NULL, '2017-10-15'),
(63, 'Elisa', 'Ortiz', 'nonummy@gmail.com', 'mujer', '12973752', '2017-10-15', 'Ensenada', NULL, 0, 0, NULL, NULL, '2017-10-15'),
(64, 'Yasna', 'Garcia', 'vulputate@gmail.com', 'mujer', '1761250', '2017-10-15', 'Berisso', NULL, 0, 0, NULL, NULL, '2017-10-15'),
(65, 'Natasha', 'Ortiz', 'sapien@gmail.com', 'mujer', '66702431', '2017-10-15', 'Berisso', NULL, 0, 0, NULL, NULL, '2017-10-15'),
(66, 'Nayeli', 'Morales', 'fermentum@gmail.com', 'mujer', '41611704', '2017-10-15', 'Berisso', NULL, 0, 0, NULL, NULL, '2017-10-15'),
(67, 'Natalie', 'Venegas', 'Praesent@gmail.com', 'mujer', '32129967', '2017-10-15', 'Berisso', NULL, 0, 0, NULL, NULL, '2017-10-15');



INSERT INTO `ITEM` (`ID_ITEM`, `NOMBREPRODUCTO`, `DESCRIPCIONPRODUCTO`, `PRECIOUNITARIO`, `CANTIDAD`, `PRECIOTOTAL`, `ID_VENTA`) VALUES
(1, 'Tintura Roja', 'Pallmolive', '45.00', 1, '45.00', 1),
(2, 'Tintura Castaño', 'Pallmolive', '45.00', 1, '45.00', 2),
(3, 'Tintura Morocha', 'Pallmolive', '45.00', 1, '45.00', 2),
(4, 'Gel', 'Pallmolive', '50.00', 2, '100.00', 3),
(5, 'Tintura Castaño', 'Pallmolive', '45.00', 1, '45.00', 4),
(6, 'Tintura Verde', 'Pallmolive', '45.00', 1, '45.00', 4),
(7, 'Crema de enjuague', 'Sedal', '70.00', 2, '140.00', 5),
(8, 'Tintura Morocha', 'Pallmolive', '45.00', 1, '45.00', 6),
(9, 'Tintura Roja', 'Pallmolive', '45.00', 1, '45.00', 7),
(10, 'Tintura Castaño', 'Pallmolive', '45.00', 1, '45.00', 7),
(11, 'Cera de pelo', 'Pallmolive', '30.00', 1, '30.00', 7),
(12, 'Crema de enjuague', 'Sedal', '70.00', 2, '140.00', 8),
(13, 'Tintura Morocha', 'Pallmolive', '45.00', 1, '45.00', 8),
(14, 'Shampoo', 'Sedal', '70.00', 2, '140.00', 9),
(15, 'Crema de enjuague', 'Sedal', '70.00', 1, '70.00', 10),
(16, 'Tintura Castaño', 'Pallmolive', '45.00', 1, '45.00', 10),
(17, 'Shampoo', 'Sedal', '70.00', 2, '140.00', 11),
(18, 'Tintura Morocha', 'Pallmolive', '45.00', 1, '45.00', 12),
(19, 'Gel', 'Pallmolive', '50.00', 3, '150.00', 12),
(20, 'Cera de pelo', 'Pallmolive', '30.00', 2, '60.00', 12),
(21, 'Shampoo', 'Sedal', '70.00', 1, '70.00', 13),
(22, 'Gel', 'Pallmolive', '50.00', 1, '50.00', 13),
(23, 'Shampoo', 'Sedal', '70.00', 1, '70.00', 14),
(24, 'Shampoo', 'Sedal', '70.00', 1, '70.00', 15),
(25, 'Tintura Castaño', 'Pallmolive', '45.00', 1, '45.00', 16),
(26, 'Cera de pelo', 'Pallmolive', '30.00', 2, '60.00', 16),
(27, 'Crema de enjuague', 'Sedal', '70.00', 2, '140.00', 17),
(28, 'Shampoo', 'Sedal', '70.00', 2, '140.00', 17),
(29, 'Tintura Morocha', 'Pallmolive', '45.00', 1, '45.00', 18),
(30, 'Cera de pelo', 'Pallmolive', '30.00', 2, '60.00', 19),
(31, 'Tintura Castaño', 'Pallmolive', '45.00', 1, '45.00', 20),
(32, 'Tintura Verde', 'Pallmolive', '45.00', 1, '45.00', 21),
(33, 'Tintura Roja', 'Pallmolive', '45.00', 1, '45.00', 21),
(34, 'Shampoo', 'Sedal', '70.00', 2, '140.00', 22),
(35, 'Shampoo', 'Sedal', '70.00', 1, '70.00', 23),
(36, 'Shampoo', 'Sedal', '70.00', 2, '140.00', 24),
(37, 'Crema de enjuague', 'Sedal', '70.00', 2, '140.00', 24),
(38, 'Gel', 'Pallmolive', '50.00', 1, '50.00', 24),
(39, 'Crema de enjuague', 'Sedal', '70.00', 2, '140.00', 25),
(40, 'Shampoo', 'Sedal', '70.00', 1, '70.00', 25),
(41, 'Tintura Morocha', 'Pallmolive', '45.00', 1, '45.00', 26),
(42, 'Crema de enjuague', 'Sedal', '70.00', 1, '70.00', 27),
(43, 'Tintura Roja', 'Pallmolive', '45.00', 1, '45.00', 27),
(44, 'Shampoo', 'Sedal', '70.00', 1, '70.00', 28),
(45, 'Crema de enjuague', 'Sedal', '70.00', 1, '70.00', 28),
(46, 'Crema de enjuague', 'Sedal', '70.00', 1, '45.00', 29),
(47, 'Shampoo', 'Sedal', '70.00', 1, '70.00', 29),
(48, 'Tintura Castaño', 'Pallmolive', '45.00', 1, '45.00', 30),
(49, 'Cera de pelo', 'Pallmolive', '30.00', 1, '30.00', 31),
(50, 'Tintura Verde', 'Pallmolive', '45.00', 1, '45.00', 32),
(51, 'Crema de enjuague', 'Sedal', '70.00', 2, '140.00', 32),
(52, 'Shampoo', 'Sedal', '70.00', 1, '70.00', 33),
(53, 'Gel', 'Pallmolive', '50.00', 2, '100.00', 34),
(54, 'Shampoo', 'Sedal', '70.00', 1, '70.00', 34),
(55, 'Crema de enjuague', 'Sedal', '70.00', 1, '70.00', 34),
(56, 'Tintura Morocha', 'Pallmolive', '45.00', 1, '45.00', 34),
(57, 'Crema de enjuague', 'Sedal', '70.00', 2, '140.00', 35),
(58, 'Shampoo', 'Sedal', '70.00', 2, '140.00', 35),
(59, 'Crema de enjuague', 'Sedal', '70.00', 2, '140.00', 36),
(60, 'Gel', 'Pallmolive', '50.00', 1, '50.00', 36),
(61, 'Cera de pelo', 'Pallmolive', '30.00', 1, '30.00', 37),
(62, 'Crema de enjuague', 'Sedal', '70.00', 2, '140.00', 38),
(63, 'Crema de enjuague', 'Sedal', '70.00', 1, '70.00', 39),
(64, 'Shampoo', 'Sedal', '70.00', 1, '70.00', 40),
(65, 'Cera de pelo', 'Pallmolive', '30.00', 1, '30.00', 41),
(66, 'Gel', 'Pallmolive', '50.00', 2, '100.00', 41),
(67, 'Shampoo', 'Sedal', '70.00', 2, '140.00', 42),
(68, 'Tintura Morocha', 'Pallmolive', '45.00', 1, '45.00', 43),
(69, 'Shampoo', 'Sedal', '70.00', 2, '140.00', 44),
(70, 'Tintura Verde', 'Pallmolive', '45.00', 1, '45.00', 45),
(71, 'Gel', 'Pallmolive', '50.00', 1, '50.00', 45),
(72, 'Shampoo', 'Sedal', '70.00', 1, '70.00', 46),
(73, 'Gel', 'Pallmolive', '50.00', 1, '50.00', 47),
(74, 'Crema de enjuague', 'Sedal', '70.00', 1, '70.00', 48),
(75, 'Shampoo', 'Sedal', '70.00', 1, '70.00', 49),
(76, 'Cera de pelo', 'Pallmolive', '30.00', 1, '30.00', 50),
(77, 'Tintura Morocha', 'Pallmolive', '45.00', 1, '45.00', 50),
(78, 'Crema de enjuague', 'Sedal', '70.00', 1, '70.00', 51),
(79, 'Shampoo', 'Sedal', '70.00', 2, '140.00', 51),
(80, 'Gel', 'Pallmolive', '50.00', 1, '50.00', 51);




INSERT INTO `MOVIMIENTO` (`ID_MOVIMIENTO`, `PRECIO`, `FECHA`, `DETALLE`, `CATEGORIA`, `ISGASTO`, `TIPOPAGO`, `CUOTAS`, `DESCUENTO`) VALUES
(2, '100.00', '2018-01-01', 'Alisado', 'Turnos', b'0', 'debito', 0, '0.00'),
(1, '200.00', '2018-01-01', 'Corte', 'Turnos', b'0', 'contado', 0, '0.00'),
(3, '200.00', '2018-01-01', 'Corte', 'Turnos', b'0', 'debito', 0, '0.00'),
(4, '100.00', '2018-01-01', 'Alisado', 'Turnos', b'0', 'contado', 0, '0.00'),
(5, '250.00', '2018-01-01', 'Color', 'Turnos', b'0', 'debito', 0, '0.00'),
(6, '250.00', '2018-01-02', 'Color', 'Turnos', b'0', 'contado', 0, '0.00'),
(7, '150.00', '2018-01-02', 'Lavado', 'Turnos', b'0', 'contado', 0, '0.00'),
(8, '300.00', '2018-01-02', 'Peinado', 'Turnos', b'0', 'credito', 1, '0.00'),
(9, '250.00', '2018-01-02', 'Color', 'Turnos', b'0', 'debito', 0, '0.00'),
(10, '250.00', '2018-01-02', 'Color', 'Turnos', b'0', 'contado', 0, '0.00'),
(11, '200.00', '2018-01-02', 'Corte', 'Turnos', b'0', 'contado', 0, '50.00'),
(12, '100.00', '2018-01-03', 'Alisado', 'Turnos', b'0', 'contado', 0, '0.00'),
(13, '100.00', '2018-01-03', 'Alisado', 'Turnos', b'0', 'debito', 0, '0.00'),
(14, '200.00', '2018-01-03', 'Corte', 'Turnos', b'0', 'contado', 0, '0.00'),
(15, '200.00', '2018-01-03', 'Corte', 'Turnos', b'0', 'debito', 0, '0.00'),
(16, '150.00', '2018-01-04', 'Lavado', 'Turnos', b'0', 'contado', 0, '0.00'),
(17, '200.00', '2018-01-04', 'Corte', 'Turnos', b'0', 'contado', 0, '0.00'),
(18, '200.00', '2018-01-04', 'Corte', 'Turnos', b'0', 'contado', 0, '0.00'),
(19, '200.00', '2018-01-04', 'Corte', 'Turnos', b'0', 'contado', 0, '0.00'),
(20, '200.00', '2018-01-04', 'Corte', 'Turnos', b'0', 'debito', 0, '0.00'),
(21, '200.00', '2018-01-04', 'Corte', 'Turnos', b'0', 'contado', 0, '0.00'),
(22, '200.00', '2018-01-05', 'Corte', 'Turnos', b'0', 'contado', 0, '0.00'),
(23, '200.00', '2018-01-05', 'Corte', 'Turnos', b'0', 'contado', 0, '0.00'),
(24, '100.00', '2018-01-05', 'Alisado', 'Turnos', b'0', 'contado', 0, '0.00'),
(25, '250.00', '2018-01-05', 'Color', 'Turnos', b'0', 'contado', 0, '0.00'),
(26, '300.00', '2018-01-05', 'Peinado', 'Turnos', b'0', 'contado', 0, '0.00'),
(27, '100.00', '2018-01-05', 'Alisado', 'Turnos', b'0', 'debito', 0, '0.00'),
(28, '250.00', '2018-01-05', 'Color', 'Turnos', b'0', 'contado', 0, '0.00'),
(29, '200.00', '2018-01-06', 'Corte', 'Turnos', b'0', 'contado', 0, '0.00'),
(30, '200.00', '2018-01-06', 'Corte', 'Turnos', b'0', 'debito', 0, '0.00'),
(31, '250.00', '2018-01-06', 'Color', 'Turnos', b'0', 'contado', 0, '0.00'),
(32, '200.00', '2018-01-06', 'Corte', 'Turnos', b'0', 'contado', 0, '0.00'),
(33, '250.00', '2018-01-06', 'Color', 'Turnos', b'0', 'contado', 0, '0.00'),
(34, '150.00', '2018-01-06', 'Lavado', 'Turnos', b'0', 'debito', 0, '0.00'),
(35, '100.00', '2018-01-06', 'Alisado', 'Turnos', b'0', 'contado', 0, '0.00'),
(36, '200.00', '2018-01-07', 'Corte', 'Turnos', b'0', 'debito', 0, '0.00'),
(37, '100.00', '2018-01-07', 'Alisado', 'Turnos', b'0', 'debito', 0, '0.00'),
(38, '200.00', '2018-01-07', 'Corte', 'Turnos', b'0', 'contado', 0, '0.00'),
(39, '300.00', '2018-01-07', 'Peinado', 'Turnos', b'0', 'contado', 0, '0.00'),
(40, '300.00', '2018-01-07', 'Peinado', 'Turnos', b'0', 'contado', 0, '0.00'),
(41, '250.00', '2018-01-07', 'Color', 'Turnos', b'0', 'contado', 0, '0.00'),
(42, '250.00', '2018-01-08', 'Color', 'Turnos', b'0', 'contado', 0, '0.00'),
(43, '250.00', '2018-01-08', 'Color', 'Turnos', b'0', 'contado', 0, '0.00'),
(44, '200.00', '2018-01-08', 'Corte', 'Turnos', b'0', 'debito', 0, '0.00'),
(45, '100.00', '2018-01-08', 'Alisado', 'Turnos', b'0', 'contado', 0, '0.00'),
(46, '200.00', '2018-01-08', 'Corte', 'Turnos', b'0', 'contado', 0, '0.00'),
(47, '150.00', '2018-01-08', 'Lavado', 'Turnos', b'0', 'contado', 0, '0.00'),
(48, '150.00', '2018-01-09', 'Lavado', 'Turnos', b'0', 'credito', 1, '0.00'),
(49, '200.00', '2018-01-09', 'Corte', 'Turnos', b'0', 'debito', 0, '0.00'),
(50, '200.00', '2018-01-09', 'Corte', 'Turnos', b'0', 'contado', 0, '0.00'),
(51, '200.00', '2018-01-09', 'Corte', 'Turnos', b'0', 'contado', 0, '0.00'),
(52, '200.00', '2018-01-09', 'Corte', 'Turnos', b'0', 'contado', 0, '0.00'),
(53, '200.00', '2018-01-09', 'Corte', 'Turnos', b'0', 'contado', 0, '0.00'),
(54, '200.00', '2018-01-10', 'Corte', 'Turnos', b'0', 'debito', 0, '50.00'),
(55, '300.00', '2018-01-10', 'Peinado', 'Turnos', b'0', 'contado', 0, '0.00'),
(56, '150.00', '2018-01-10', 'Lavado', 'Turnos', b'0', 'debito', 0, '0.00'),
(57, '200.00', '2018-01-10', 'Corte', 'Turnos', b'0', 'contado', 0, '0.00'),
(58, '200.00', '2018-01-10', 'Corte', 'Turnos', b'0', 'contado', 0, '0.00'),
(59, '200.00', '2018-01-10', 'Corte', 'Turnos', b'0', 'contado', 0, '0.00'),
(60, '250.00', '2018-01-10', 'Color', 'Turnos', b'0', 'contado', 0, '0.00'),
(61, '200.00', '2018-01-11', 'Corte', 'Turnos', b'0', 'contado', 0, '0.00'),
(62, '100.00', '2018-01-11', 'Alisado', 'Turnos', b'0', 'contado', 0, '0.00'),
(63, '200.00', '2018-01-11', 'Corte', 'Turnos', b'0', 'contado', 0, '0.00'),
(64, '200.00', '2018-01-11', 'Corte', 'Turnos', b'0', 'debito', 0, '0.00'),
(65, '200.00', '2018-01-11', 'Corte', 'Turnos', b'0', 'contado', 0, '0.00'),
(66, '300.00', '2018-01-11', 'Peinado', 'Turnos', b'0', 'contado', 0, '0.00'),
(67, '300.00', '2018-01-11', 'Peinado', 'Turnos', b'0', 'contado', 0, '0.00'),
(68, '200.00', '2018-01-12', 'Corte', 'Turnos', b'0', 'debito', 0, '0.00'),
(69, '200.00', '2018-01-12', 'Corte', 'Turnos', b'0', 'credito', 1, '0.00'),
(70, '200.00', '2018-01-12', 'Corte', 'Turnos', b'0', 'contado', 0, '0.00'),
(71, '250.00', '2018-01-12', 'Color', 'Turnos', b'0', 'contado', 0, '0.00'),
(72, '150.00', '2018-01-12', 'Lavado', 'Turnos', b'0', 'contado', 0, '0.00'),
(73, '200.00', '2018-01-12', 'Corte', 'Turnos', b'0', 'debito', 0, '0.00'),
(74, '100.00', '2018-01-12', 'Alisado', 'Turnos', b'0', 'contado', 0, '0.00'),
(75, '200.00', '2018-01-13', 'Corte', 'Turnos', b'0', 'contado', 0, '0.00'),
(76, '250.00', '2018-01-13', 'Color', 'Turnos', b'0', 'contado', 0, '0.00'),
(77, '300.00', '2018-01-13', 'Peinado', 'Turnos', b'0', 'contado', 0, '0.00'),
(78, '200.00', '2018-01-13', 'Corte', 'Turnos', b'0', 'contado', 0, '0.00'),
(79, '200.00', '2018-01-13', 'Corte', 'Turnos', b'0', 'debito', 0, '0.00'),
(80, '250.00', '2018-01-13', 'Color', 'Turnos', b'0', 'contado', 0, '0.00'),
(81, '200.00', '2018-01-13', 'Corte', 'Turnos', b'0', 'contado', 0, '0.00'),
(82, '300.00', '2018-01-14', 'Peinado', 'Turnos', b'0', 'contado', 0, '0.00'),
(83, '200.00', '2018-01-14', 'Corte', 'Turnos', b'0', 'debito', 0, '0.00'),
(84, '250.00', '2018-01-14', 'Color', 'Turnos', b'0', 'contado', 0, '0.00'),
(85, '200.00', '2018-01-14', 'Corte', 'Turnos', b'0', 'contado', 0, '0.00'),
(86, '250.00', '2018-01-14', 'Color', 'Turnos', b'0', 'debito', 0, '0.00'),
(87, '100.00', '2018-01-14', 'Alisado', 'Turnos', b'0', 'contado', 0, '0.00'),
(88, '100.00', '2018-01-14', 'Alisado', 'Turnos', b'0', 'contado', 0, '0.00'),
(89, '100.00', '2018-01-15', 'Alisado', 'Turnos', b'0', 'contado', 0, '0.00'),
(90, '200.00', '2018-01-15', 'Corte', 'Turnos', b'0', 'debito', 0, '0.00'),
(91, '200.00', '2018-01-15', 'Corte', 'Turnos', b'0', 'contado', 0, '0.00'),
(92, '300.00', '2018-01-15', 'Peinado', 'Turnos', b'0', 'contado', 0, '0.00'),
(93, '300.00', '2018-01-15', 'Peinado', 'Turnos', b'0', 'contado', 0, '0.00'),
(94, '300.00', '2018-01-15', 'Peinado', 'Turnos', b'0', 'debito', 0, '0.00'),
(95, '100.00', '2018-01-15', 'Alisado', 'Turnos', b'0', 'contado', 0, '0.00'),
(96, '250.00', '2018-01-16', 'Color', 'Turnos', b'0', 'contado', 0, '0.00'),
(97, '100.00', '2018-01-16', 'Alisado', 'Turnos', b'0', 'contado', 0, '0.00'),
(98, '200.00', '2018-01-16', 'Corte', 'Turnos', b'0', 'debito', 0, '0.00'),
(99, '300.00', '2018-01-16', 'Peinado', 'Turnos', b'0', 'contado', 0, '0.00'),
(100, '300.00', '2018-01-16', 'Peinado', 'Turnos', b'0', 'contado', 0, '0.00'),
(101, '300.00', '2018-01-16', 'Peinado', 'Turnos', b'0', 'debito', 0, '0.00'),
(102, '200.00', '2018-01-17', 'Corte', 'Turnos', b'0', 'contado', 0, '0.00'),
(103, '200.00', '2018-01-17', 'Corte', 'Turnos', b'0', 'contado', 0, '0.00'),
(104, '250.00', '2018-01-17', 'Color', 'Turnos', b'0', 'contado', 0, '0.00'),
(105, '100.00', '2018-01-17', 'Alisado', 'Turnos', b'0', 'debito', 0, '0.00'),
(106, '200.00', '2018-01-17', 'Corte', 'Turnos', b'0', 'contado', 0, '0.00'),
(107, '100.00', '2018-01-17', 'Alisado', 'Turnos', b'0', 'contado', 0, '0.00'),
(108, '100.00', '2018-01-18', 'Alisado', 'Turnos', b'0', 'contado', 0, '0.00'),
(109, '100.00', '2018-01-18', 'Alisado', 'Turnos', b'0', 'debito', 0, '0.00'),
(110, '200.00', '2018-01-18', 'Corte', 'Turnos', b'0', 'contado', 0, '0.00'),
(111, '250.00', '2018-01-18', 'Color', 'Turnos', b'0', 'contado', 0, '0.00'),
(112, '200.00', '2018-01-18', 'Corte', 'Turnos', b'0', 'contado', 0, '0.00'),
(113, '200.00', '2018-01-18', 'Corte', 'Turnos', b'0', 'contado', 0, '0.00'),
(114, '100.00', '2018-01-19', 'Alisado', 'Turnos', b'0', 'contado', 0, '0.00'),
(115, '200.00', '2018-01-19', 'Corte', 'Turnos', b'0', 'debito', 0, '0.00'),
(116, '200.00', '2018-01-19', 'Corte', 'Turnos', b'0', 'contado', 0, '0.00'),
(117, '300.00', '2018-01-19', 'Peinado', 'Turnos', b'0', 'credito', 1, '0.00'),
(118, '300.00', '2018-01-19', 'Peinado', 'Turnos', b'0', 'contado', 0, '0.00'),
(119, '200.00', '2018-01-19', 'Corte', 'Turnos', b'0', 'contado', 0, '0.00'),
(120, '200.00', '2018-01-19', 'Corte', 'Turnos', b'0', 'debito', 0, '0.00'),
(121, '250.00', '2018-01-20', 'Color', 'Turnos', b'0', 'contado', 0, '0.00'),
(122, '250.00', '2018-01-20', 'Color', 'Turnos', b'0', 'contado', 0, '0.00'),
(123, '300.00', '2018-01-20', 'Peinado', 'Turnos', b'0', 'contado', 0, '0.00'),
(124, '200.00', '2018-01-20', 'Corte', 'Turnos', b'0', 'contado', 0, '0.00'),
(125, '200.00', '2018-01-20', 'Corte', 'Turnos', b'0', 'contado', 0, '0.00'),
(126, '300.00', '2018-01-20', 'Peinado', 'Turnos', b'0', 'debito', 0, '0.00'),
(127, '100.00', '2018-01-20', 'Alisado', 'Turnos', b'0', 'contado', 0, '50.00'),
(128, '250.00', '2018-01-21', 'Color', 'Turnos', b'0', 'contado', 0, '0.00'),
(129, '250.00', '2018-01-21', 'Color', 'Turnos', b'0', 'debito', 0, '0.00'),
(130, '300.00', '2018-01-21', 'Peinado', 'Turnos', b'0', 'contado', 0, '0.00'),
(131, '200.00', '2018-01-21', 'Corte', 'Turnos', b'0', 'debito', 0, '0.00'),
(132, '300.00', '2018-01-21', 'Peinado', 'Turnos', b'0', 'contado', 0, '0.00'),
(133, '100.00', '2018-01-21', 'Alisado', 'Turnos', b'0', 'contado', 0, '0.00'),
(134, '200.00', '2018-01-21', 'Corte', 'Turnos', b'0', 'debito', 0, '0.00'),
(135, '100.00', '2018-01-22', 'Alisado', 'Turnos', b'0', 'contado', 0, '0.00'),
(136, '100.00', '2018-01-22', 'Alisado', 'Turnos', b'0', 'contado', 0, '0.00'),
(137, '100.00', '2018-01-22', 'Alisado', 'Turnos', b'0', 'debito', 0, '0.00'),
(138, '100.00', '2018-01-22', 'Alisado', 'Turnos', b'0', 'contado', 0, '0.00'),
(139, '300.00', '2018-01-22', 'Peinado', 'Turnos', b'0', 'debito', 0, '0.00'),
(140, '250.00', '2018-01-22', 'Color', 'Turnos', b'0', 'contado', 0, '0.00'),
(141, '300.00', '2018-01-23', 'Peinado', 'Turnos', b'0', 'contado', 0, '0.00'),
(142, '250.00', '2018-01-23', 'Color', 'Turnos', b'0', 'contado', 0, '0.00'),
(143, '100.00', '2018-01-23', 'Alisado', 'Turnos', b'0', 'debito', 0, '0.00'),
(144, '300.00', '2018-01-23', 'Peinado', 'Turnos', b'0', 'contado', 0, '0.00'),
(145, '300.00', '2018-01-23', 'Peinado', 'Turnos', b'0', 'contado', 0, '0.00'),
(146, '150.00', '2018-01-24', 'Lavado', 'Turnos', b'0', 'debito', 0, '0.00'),
(147, '100.00', '2018-01-24', 'Alisado', 'Turnos', b'0', 'debito', 0, '0.00'),
(148, '300.00', '2018-01-24', 'Peinado', 'Turnos', b'0', 'contado', 0, '0.00'),
(149, '200.00', '2018-01-24', 'Corte', 'Turnos', b'0', 'contado', 0, '0.00'),
(150, '250.00', '2018-01-24', 'Color', 'Turnos', b'0', 'contado', 0, '0.00'),
(151, '300.00', '2018-01-24', 'Peinado', 'Turnos', b'0', 'debito', 0, '0.00'),
(152, '250.00', '2018-01-24', 'Color', 'Turnos', b'0', 'contado', 0, '0.00'),
(153, '300.00', '2018-01-25', 'Peinado', 'Turnos', b'0', 'contado', 0, '0.00'),
(154, '100.00', '2018-01-25', 'Alisado', 'Turnos', b'0', 'debito', 0, '0.00'),
(155, '250.00', '2018-01-25', 'Color', 'Turnos', b'0', 'contado', 0, '0.00'),
(156, '200.00', '2018-01-25', 'Corte', 'Turnos', b'0', 'contado', 0, '0.00'),
(157, '300.00', '2018-01-25', 'Peinado', 'Turnos', b'0', 'debito', 0, '0.00'),
(158, '100.00', '2018-01-25', 'Alisado', 'Turnos', b'0', 'contado', 0, '0.00'),
(159, '200.00', '2018-01-25', 'Corte', 'Turnos', b'0', 'debito', 0, '0.00'),
(160, '150.00', '2018-01-26', 'Lavado', 'Turnos', b'0', 'contado', 0, '0.00'),
(161, '100.00', '2018-01-26', 'Alisado', 'Turnos', b'0', 'contado', 0, '0.00'),
(162, '200.00', '2018-01-26', 'Corte', 'Turnos', b'0', 'contado', 0, '0.00'),
(163, '150.00', '2018-01-26', 'Lavado', 'Turnos', b'0', 'contado', 0, '0.00'),
(164, '250.00', '2018-01-26', 'Color', 'Turnos', b'0', 'contado', 0, '0.00'),
(165, '250.00', '2018-01-27', 'Color', 'Turnos', b'0', 'contado', 0, '0.00'),
(166, '200.00', '2018-01-27', 'Corte', 'Turnos', b'0', 'debito', 0, '0.00'),
(167, '200.00', '2018-01-27', 'Corte', 'Turnos', b'0', 'contado', 0, '0.00'),
(168, '250.00', '2018-01-27', 'Color', 'Turnos', b'0', 'contado', 0, '0.00'),
(169, '200.00', '2018-01-27', 'Corte', 'Turnos', b'0', 'contado', 0, '0.00'),
(170, '200.00', '2018-01-27', 'Corte', 'Turnos', b'0', 'debito', 0, '0.00'),
(171, '200.00', '2018-01-28', 'Corte', 'Turnos', b'0', 'contado', 0, '0.00'),
(172, '200.00', '2018-01-28', 'Corte', 'Turnos', b'0', 'contado', 0, '0.00'),
(173, '300.00', '2018-01-28', 'Peinado', 'Turnos', b'0', 'contado', 0, '0.00'),
(174, '200.00', '2018-01-28', 'Corte', 'Turnos', b'0', 'contado', 0, '0.00'),
(175, '200.00', '2018-01-28', 'Corte', 'Turnos', b'0', 'contado', 0, '0.00'),
(176, '250.00', '2018-01-28', 'Color', 'Turnos', b'0', 'debito', 0, '0.00'),
(177, '100.00', '2018-01-28', 'Alisado', 'Turnos', b'0', 'contado', 0, '0.00'),
(178, '200.00', '2018-01-29', 'Corte', 'Turnos', b'0', 'contado', 0, '0.00'),
(179, '100.00', '2018-01-29', 'Alisado', 'Turnos', b'0', 'contado', 0, '0.00'),
(180, '100.00', '2018-01-29', 'Alisado', 'Turnos', b'0', 'debito', 0, '0.00'),
(181, '250.00', '2018-01-29', 'Color', 'Turnos', b'0', 'contado', 0, '0.00'),
(182, '250.00', '2018-01-29', 'Color', 'Turnos', b'0', 'contado', 0, '0.00'),
(183, '300.00', '2018-01-29', 'Peinado', 'Turnos', b'0', 'debito', 0, '0.00'),
(184, '200.00', '2018-01-30', 'Corte', 'Turnos', b'0', 'contado', 0, '0.00'),
(185, '200.00', '2018-01-30', 'Corte', 'Turnos', b'0', 'debito', 0, '0.00'),
(186, '150.00', '2018-01-30', 'Lavado', 'Turnos', b'0', 'contado', 0, '0.00'),
(187, '200.00', '2018-01-30', 'Corte', 'Turnos', b'0', 'contado', 0, '0.00'),
(188, '250.00', '2018-01-30', 'Color', 'Turnos', b'0', 'contado', 0, '0.00'),
(189, '300.00', '2018-01-30', 'Peinado', 'Turnos', b'0', 'debito', 0, '0.00'),
(190, '250.00', '2018-01-31', 'Color', 'Turnos', b'0', 'contado', 0, '0.00'),
(191, '100.00', '2018-01-31', 'Alisado', 'Turnos', b'0', 'contado', 0, '0.00'),
(192, '250.00', '2018-01-31', 'Color', 'Turnos', b'0', 'contado', 0, '0.00'),
(193, '300.00', '2018-01-31', 'Peinado', 'Turnos', b'0', 'contado', 0, '0.00'),
(194, '100.00', '2018-01-31', 'Alisado', 'Turnos', b'0', 'debito', 0, '0.00'),
(195, '200.00', '2018-01-31', 'Corte', 'Turnos', b'0', 'contado', 0, '0.00'),
(196, '150.00', '2018-02-01', 'Lavado', 'Turnos', b'0', 'contado', 0, '0.00'),
(197, '100.00', '2018-02-01', 'Alisado', 'Turnos', b'0', 'contado', 0, '0.00'),
(198, '300.00', '2018-02-01', 'Peinado', 'Turnos', b'0', 'debito', 0, '0.00'),
(199, '300.00', '2018-02-01', 'Peinado', 'Turnos', b'0', 'contado', 0, '0.00'),
(200, '100.00', '2018-02-01', 'Alisado', 'Turnos', b'0', 'contado', 0, '0.00'),
(201, '100.00', '2018-02-01', 'Alisado', 'Turnos', b'0', 'debito', 0, '0.00'),
(202, '250.00', '2018-02-02', 'Color', 'Turnos', b'0', 'contado', 0, '0.00'),
(203, '200.00', '2018-02-02', 'Corte', 'Turnos', b'0', 'contado', 0, '0.00'),
(204, '200.00', '2018-02-02', 'Corte', 'Turnos', b'0', 'contado', 0, '0.00'),
(205, '300.00', '2018-02-02', 'Peinado', 'Turnos', b'0', 'contado', 0, '0.00'),
(206, '100.00', '2018-02-02', 'Alisado', 'Turnos', b'0', 'contado', 0, '0.00'),
(207, '300.00', '2018-02-02', 'Peinado', 'Turnos', b'0', 'contado', 0, '0.00'),
(208, '150.00', '2018-02-03', 'Lavado', 'Turnos', b'0', 'debito', 0, '0.00'),
(209, '300.00', '2018-02-03', 'Peinado', 'Turnos', b'0', 'contado', 0, '0.00'),
(210, '200.00', '2018-02-03', 'Corte', 'Turnos', b'0', 'contado', 0, '0.00'),
(211, '250.00', '2018-02-03', 'Color', 'Turnos', b'0', 'contado', 0, '0.00'),
(212, '250.00', '2018-02-03', 'Color', 'Turnos', b'0', 'contado', 0, '0.00'),
(213, '150.00', '2018-02-03', 'Lavado', 'Turnos', b'0', 'debito', 0, '0.00'),
(214, '150.00', '2018-02-04', 'Lavado', 'Turnos', b'0', 'contado', 0, '0.00'),
(215, '150.00', '2018-02-04', 'Lavado', 'Turnos', b'0', 'contado', 0, '0.00'),
(216, '200.00', '2018-02-04', 'Corte', 'Turnos', b'0', 'contado', 0, '0.00'),
(217, '300.00', '2018-02-04', 'Peinado', 'Turnos', b'0', 'credito', 1, '0.00'),
(218, '300.00', '2018-02-04', 'Peinado', 'Turnos', b'0', 'contado', 0, '50.00'),
(219, '200.00', '2018-02-04', 'Corte', 'Turnos', b'0', 'credito', 1, '0.00'),
(220, '150.00', '2018-02-05', 'Lavado', 'Turnos', b'0', 'contado', 0, '0.00'),
(221, '250.00', '2018-02-05', 'Color', 'Turnos', b'0', 'debito', 0, '0.00'),
(222, '200.00', '2018-02-05', 'Corte', 'Turnos', b'0', 'contado', 0, '0.00'),
(223, '150.00', '2018-02-05', 'Lavado', 'Turnos', b'0', 'contado', 0, '0.00'),
(224, '250.00', '2018-02-05', 'Color', 'Turnos', b'0', 'contado', 0, '0.00'),
(225, '150.00', '2018-02-05', 'Lavado', 'Turnos', b'0', 'contado', 0, '0.00'),
(226, '200.00', '2018-02-05', 'Corte', 'Turnos', b'0', 'debito', 0, '0.00'),
(227, '150.00', '2018-02-06', 'Lavado', 'Turnos', b'0', 'contado', 0, '0.00'),
(228, '250.00', '2018-02-06', 'Color', 'Turnos', b'0', 'debito', 0, '0.00'),
(229, '200.00', '2018-02-06', 'Corte', 'Turnos', b'0', 'contado', 0, '0.00'),
(230, '300.00', '2018-02-06', 'Peinado', 'Turnos', b'0', 'contado', 0, '0.00'),
(231, '200.00', '2018-02-06', 'Corte', 'Turnos', b'0', 'contado', 0, '0.00'),
(232, '200.00', '2018-02-07', 'Corte', 'Turnos', b'0', 'contado', 0, '0.00'),
(233, '250.00', '2018-02-07', 'Color', 'Turnos', b'0', 'contado', 0, '0.00'),
(234, '250.00', '2018-02-07', 'Color', 'Turnos', b'0', 'contado', 0, '0.00'),
(235, '200.00', '2018-02-07', 'Corte', 'Turnos', b'0', 'contado', 0, '0.00'),
(236, '250.00', '2018-02-07', 'Color', 'Turnos', b'0', 'contado', 0, '0.00'),
(237, '250.00', '2018-02-08', 'Color', 'Turnos', b'0', 'debito', 0, '0.00'),
(238, '250.00', '2018-02-08', 'Color', 'Turnos', b'0', 'contado', 0, '0.00'),
(239, '300.00', '2018-02-08', 'Peinado', 'Turnos', b'0', 'contado', 0, '0.00'),
(240, '250.00', '2018-02-08', 'Color', 'Turnos', b'0', 'contado', 0, '0.00'),
(241, '200.00', '2018-02-08', 'Corte', 'Turnos', b'0', 'contado', 0, '0.00'),
(242, '250.00', '2018-02-08', 'Color', 'Turnos', b'0', 'contado', 0, '0.00'),
(243, '150.00', '2018-02-09', 'Lavado', 'Turnos', b'0', 'debito', 0, '0.00'),
(244, '300.00', '2018-02-09', 'Peinado', 'Turnos', b'0', 'contado', 0, '0.00'),
(245, '150.00', '2018-02-09', 'Lavado', 'Turnos', b'0', 'contado', 0, '0.00'),
(246, '200.00', '2018-02-09', 'Corte', 'Turnos', b'0', 'contado', 0, '0.00'),
(247, '300.00', '2018-02-09', 'Peinado', 'Turnos', b'0', 'contado', 0, '0.00'),
(248, '300.00', '2018-02-09', 'Peinado', 'Turnos', b'0', 'debito', 0, '0.00'),
(249, '300.00', '2018-02-09', 'Peinado', 'Turnos', b'0', 'contado', 0, '0.00'),
(250, '200.00', '2018-02-10', 'Corte', 'Turnos', b'0', 'contado', 0, '0.00'),
(251, '200.00', '2018-02-10', 'Corte', 'Turnos', b'0', 'contado', 0, '0.00'),
(252, '200.00', '2018-02-10', 'Corte', 'Turnos', b'0', 'contado', 0, '0.00'),
(253, '300.00', '2018-02-10', 'Peinado', 'Turnos', b'0', 'debito', 0, '0.00'),
(254, '150.00', '2018-02-10', 'Lavado', 'Turnos', b'0', 'contado', 0, '0.00'),
(255, '250.00', '2018-02-10', 'Color', 'Turnos', b'0', 'contado', 0, '0.00'),
(256, '200.00', '2018-02-11', 'Corte', 'Turnos', b'0', 'contado', 0, '0.00'),
(257, '250.00', '2018-02-11', 'Color', 'Turnos', b'0', 'debito', 0, '0.00'),
(258, '300.00', '2018-02-11', 'Peinado', 'Turnos', b'0', 'contado', 0, '0.00'),
(259, '100.00', '2018-02-11', 'Alisado', 'Turnos', b'0', 'contado', 0, '0.00'),
(260, '300.00', '2018-02-11', 'Peinado', 'Turnos', b'0', 'contado', 0, '0.00'),
(261, '100.00', '2018-02-11', 'Alisado', 'Turnos', b'0', 'contado', 0, '0.00'),
(262, '250.00', '2018-02-12', 'Color', 'Turnos', b'0', 'contado', 0, '0.00'),
(263, '200.00', '2018-02-12', 'Corte', 'Turnos', b'0', 'debito', 0, '0.00'),
(264, '250.00', '2018-02-12', 'Color', 'Turnos', b'0', 'contado', 0, '0.00'),
(265, '200.00', '2018-02-12', 'Corte', 'Turnos', b'0', 'contado', 0, '0.00'),
(266, '200.00', '2018-02-12', 'Corte', 'Turnos', b'0', 'contado', 0, '0.00'),
(267, '200.00', '2018-02-12', 'Corte', 'Turnos', b'0', 'contado', 0, '0.00'),
(268, '200.00', '2018-02-13', 'Corte', 'Turnos', b'0', 'debito', 0, '0.00'),
(269, '150.00', '2018-02-13', 'Lavado', 'Turnos', b'0', 'contado', 0, '0.00'),
(270, '250.00', '2018-02-13', 'Color', 'Turnos', b'0', 'contado', 0, '0.00'),
(271, '300.00', '2018-02-13', 'Peinado', 'Turnos', b'0', 'debito', 0, '0.00'),
(272, '200.00', '2018-02-13', 'Corte', 'Turnos', b'0', 'contado', 0, '0.00'),
(273, '200.00', '2018-02-13', 'Corte', 'Turnos', b'0', 'contado', 0, '0.00'),
(274, '250.00', '2018-02-14', 'Color', 'Turnos', b'0', 'debito', 0, '0.00'),
(275, '200.00', '2018-02-14', 'Corte', 'Turnos', b'0', 'contado', 0, '0.00'),
(276, '200.00', '2018-02-14', 'Corte', 'Turnos', b'0', 'contado', 0, '0.00'),
(277, '250.00', '2018-02-14', 'Color', 'Turnos', b'0', 'contado', 0, '0.00'),
(278, '150.00', '2018-02-14', 'Lavado', 'Turnos', b'0', 'debito', 0, '0.00'),
(279, '200.00', '2018-02-14', 'Corte', 'Turnos', b'0', 'contado', 0, '0.00'),
(280, '100.00', '2018-02-15', 'Alisado', 'Turnos', b'0', 'contado', 0, '0.00'),
(281, '100.00', '2018-02-15', 'Alisado', 'Turnos', b'0', 'debito', 0, '0.00'),
(282, '200.00', '2018-02-15', 'Corte', 'Turnos', b'0', 'contado', 0, '0.00'),
(283, '200.00', '2018-02-15', 'Corte', 'Turnos', b'0', 'contado', 0, '0.00'),
(284, '100.00', '2018-02-15', 'Alisado', 'Turnos', b'0', 'contado', 0, '0.00'),
(285, '300.00', '2018-02-15', 'Peinado', 'Turnos', b'0', 'debito', 0, '0.00'),
(286, '200.00', '2018-02-16', 'Corte', 'Turnos', b'0', 'contado', 0, '0.00'),
(287, '150.00', '2018-02-16', 'Lavado', 'Turnos', b'0', 'debito', 0, '0.00'),
(288, '100.00', '2018-02-16', 'Alisado', 'Turnos', b'0', 'contado', 0, '0.00'),
(289, '300.00', '2018-02-16', 'Peinado', 'Turnos', b'0', 'contado', 0, '0.00'),
(290, '250.00', '2018-02-16', 'Color', 'Turnos', b'0', 'debito', 0, '0.00'),
(291, '250.00', '2018-02-16', 'Color', 'Turnos', b'0', 'contado', 0, '0.00'),
(292, '300.00', '2018-02-17', 'Peinado', 'Turnos', b'0', 'credito', 1, '0.00'),
(293, '200.00', '2018-02-17', 'Corte', 'Turnos', b'0', 'contado', 0, '0.00'),
(294, '100.00', '2018-02-17', 'Alisado', 'Turnos', b'0', 'debito', 0, '0.00'),
(295, '200.00', '2018-02-17', 'Corte', 'Turnos', b'0', 'contado', 0, '0.00'),
(296, '200.00', '2018-02-17', 'Corte', 'Turnos', b'0', 'contado', 0, '0.00'),
(297, '300.00', '2018-02-18', 'Peinado', 'Turnos', b'0', 'debito', 0, '0.00'),
(298, '250.00', '2018-02-18', 'Color', 'Turnos', b'0', 'contado', 0, '0.00'),
(299, '200.00', '2018-02-18', 'Corte', 'Turnos', b'0', 'contado', 0, '0.00'),
(300, '250.00', '2018-02-18', 'Color', 'Turnos', b'0', 'contado', 0, '0.00'),
(301, '200.00', '2018-02-18', 'Corte', 'Turnos', b'0', 'debito', 0, '0.00'),
(302, '100.00', '2018-02-18', 'Alisado', 'Turnos', b'0', 'debito', 0, '0.00'),
(303, '250.00', '2018-02-19', 'Color', 'Turnos', b'0', 'contado', 0, '0.00'),
(304, '300.00', '2018-02-19', 'Peinado', 'Turnos', b'0', 'contado', 0, '0.00'),
(305, '100.00', '2018-02-19', 'Alisado', 'Turnos', b'0', 'debito', 0, '0.00'),
(306, '200.00', '2018-02-19', 'Corte', 'Turnos', b'0', 'contado', 0, '0.00'),
(307, '250.00', '2018-02-19', 'Color', 'Turnos', b'0', 'debito', 0, '0.00'),
(308, '200.00', '2018-02-19', 'Corte', 'Turnos', b'0', 'contado', 0, '0.00'),
(309, '250.00', '2018-02-20', 'Color', 'Turnos', b'0', 'debito', 0, '0.00'),
(310, '100.00', '2018-02-20', 'Alisado', 'Turnos', b'0', 'contado', 0, '0.00'),
(311, '300.00', '2018-02-20', 'Peinado', 'Turnos', b'0', 'contado', 0, '0.00'),
(312, '300.00', '2018-02-20', 'Peinado', 'Turnos', b'0', 'contado', 0, '0.00'),
(313, '200.00', '2018-02-20', 'Corte', 'Turnos', b'0', 'debito', 0, '50.00'),
(314, '200.00', '2018-02-20', 'Corte', 'Turnos', b'0', 'contado', 0, '0.00'),
(315, '300.00', '2018-02-21', 'Peinado', 'Turnos', b'0', 'contado', 0, '0.00'),
(316, '200.00', '2018-02-21', 'Corte', 'Turnos', b'0', 'contado', 0, '0.00'),
(317, '300.00', '2018-02-21', 'Peinado', 'Turnos', b'0', 'debito', 0, '0.00'),
(318, '300.00', '2018-02-21', 'Peinado', 'Turnos', b'0', 'contado', 0, '0.00'),
(319, '250.00', '2018-02-21', 'Color', 'Turnos', b'0', 'contado', 0, '0.00'),
(320, '200.00', '2018-02-22', 'Corte', 'Turnos', b'0', 'contado', 0, '0.00'),
(321, '300.00', '2018-02-22', 'Peinado', 'Turnos', b'0', 'debito', 0, '0.00'),
(322, '200.00', '2018-02-22', 'Corte', 'Turnos', b'0', 'contado', 0, '0.00'),
(323, '200.00', '2018-02-22', 'Corte', 'Turnos', b'0', 'contado', 0, '0.00'),
(324, '150.00', '2018-02-22', 'Lavado', 'Turnos', b'0', 'contado', 0, '0.00'),
(325, '300.00', '2018-02-22', 'Peinado', 'Turnos', b'0', 'debito', 0, '0.00'),
(326, '200.00', '2018-02-23', 'Corte', 'Turnos', b'0', 'contado', 0, '0.00'),
(327, '200.00', '2018-02-23', 'Corte', 'Turnos', b'0', 'contado', 0, '0.00'),
(328, '200.00', '2018-02-23', 'Corte', 'Turnos', b'0', 'contado', 0, '0.00'),
(329, '200.00', '2018-02-23', 'Corte', 'Turnos', b'0', 'debito', 0, '0.00'),
(330, '250.00', '2018-02-23', 'Color', 'Turnos', b'0', 'debito', 0, '0.00'),
(331, '100.00', '2018-02-23', 'Alisado', 'Turnos', b'0', 'contado', 0, '0.00'),
(332, '200.00', '2018-02-23', 'Corte', 'Turnos', b'0', 'contado', 0, '0.00'),
(333, '100.00', '2018-02-24', 'Alisado', 'Turnos', b'0', 'contado', 0, '0.00'),
(334, '250.00', '2018-02-24', 'Color', 'Turnos', b'0', 'debito', 0, '0.00'),
(335, '200.00', '2018-02-24', 'Corte', 'Turnos', b'0', 'contado', 0, '0.00'),
(336, '200.00', '2018-02-24', 'Corte', 'Turnos', b'0', 'contado', 0, '0.00'),
(337, '200.00', '2018-02-24', 'Corte', 'Turnos', b'0', 'debito', 0, '0.00'),
(338, '200.00', '2018-02-24', 'Corte', 'Turnos', b'0', 'contado', 0, '0.00'),
(339, '300.00', '2018-02-24', 'Peinado', 'Turnos', b'0', 'contado', 0, '0.00'),
(340, '200.00', '2018-02-25', 'Corte', 'Turnos', b'0', 'contado', 0, '0.00'),
(341, '250.00', '2018-02-25', 'Color', 'Turnos', b'0', 'debito', 0, '0.00'),
(342, '200.00', '2018-02-25', 'Corte', 'Turnos', b'0', 'contado', 0, '0.00'),
(343, '200.00', '2018-02-25', 'Corte', 'Turnos', b'0', 'credito', 1, '0.00'),
(344, '300.00', '2018-02-25', 'Peinado', 'Turnos', b'0', 'debito', 0, '0.00'),
(345, '150.00', '2018-02-25', 'Lavado', 'Turnos', b'0', 'contado', 0, '0.00'),
(346, '200.00', '2018-02-25', 'Corte', 'Turnos', b'0', 'contado', 0, '0.00'),
(347, '300.00', '2018-02-26', 'Peinado', 'Turnos', b'0', 'contado', 0, '0.00'),
(348, '300.00', '2018-02-26', 'Peinado', 'Turnos', b'0', 'debito', 0, '0.00'),
(349, '200.00', '2018-02-26', 'Corte', 'Turnos', b'0', 'contado', 0, '0.00'),
(350, '250.00', '2018-02-26', 'Color', 'Turnos', b'0', 'contado', 0, '0.00'),
(351, '250.00', '2018-02-26', 'Color', 'Turnos', b'0', 'contado', 0, '0.00'),
(352, '300.00', '2018-02-26', 'Peinado', 'Turnos', b'0', 'debito', 0, '0.00'),
(353, '200.00', '2018-02-27', 'Corte', 'Turnos', b'0', 'contado', 0, '0.00'),
(354, '250.00', '2018-02-27', 'Color', 'Turnos', b'0', 'contado', 0, '0.00'),
(355, '300.00', '2018-02-27', 'Peinado', 'Turnos', b'0', 'contado', 0, '0.00'),
(356, '100.00', '2018-02-27', 'Alisado', 'Turnos', b'0', 'debito', 0, '0.00'),
(357, '200.00', '2018-02-27', 'Corte', 'Turnos', b'0', 'contado', 0, '0.00'),
(358, '250.00', '2018-02-27', 'Color', 'Turnos', b'0', 'contado', 0, '0.00'),
(359, '200.00', '2018-02-28', 'Corte', 'Turnos', b'0', 'debito', 0, '0.00'),
(360, '250.00', '2018-02-28', 'Color', 'Turnos', b'0', 'contado', 0, '0.00'),
(361, '250.00', '2018-02-28', 'Color', 'Turnos', b'0', 'contado', 0, '0.00'),
(362, '200.00', '2018-02-28', 'Corte', 'Turnos', b'0', 'contado', 0, '0.00'),
(363, '300.00', '2018-02-28', 'Peinado', 'Turnos', b'0', 'debito', 0, '0.00'),
(364, '100.00', '2018-02-28', 'Alisado', 'Turnos', b'0', 'contado', 0, '50.00'),
(365, '300.00', '2018-03-01', 'Peinado', 'Turnos', b'0', 'contado', 0, '0.00'),
(366, '100.00', '2018-03-01', 'Alisado', 'Turnos', b'0', 'contado', 0, '0.00'),
(367, '200.00', '2018-03-01', 'Corte', 'Turnos', b'0', 'contado', 0, '0.00'),
(368, '150.00', '2018-03-01', 'Lavado', 'Turnos', b'0', 'debito', 0, '0.00'),
(369, '100.00', '2018-03-01', 'Alisado', 'Turnos', b'0', 'contado', 0, '0.00'),
(370, '200.00', '2018-03-02', 'Corte', 'Turnos', b'0', 'contado', 0, '0.00'),
(371, '200.00', '2018-03-02', 'Corte', 'Turnos', b'0', 'contado', 0, '0.00'),
(372, '200.00', '2018-03-02', 'Corte', 'Turnos', b'0', 'debito', 0, '0.00'),
(373, '200.00', '2018-03-02', 'Corte', 'Turnos', b'0', 'contado', 0, '0.00'),
(374, '100.00', '2018-03-02', 'Alisado', 'Turnos', b'0', 'contado', 0, '0.00'),
(375, '200.00', '2018-03-03', 'Corte', 'Turnos', b'0', 'debito', 0, '0.00'),
(376, '200.00', '2018-03-03', 'Corte', 'Turnos', b'0', 'contado', 0, '0.00'),
(377, '200.00', '2018-03-03', 'Corte', 'Turnos', b'0', 'contado', 0, '0.00'),
(378, '200.00', '2018-03-03', 'Corte', 'Turnos', b'0', 'debito', 0, '0.00'),
(379, '250.00', '2018-03-03', 'Color', 'Turnos', b'0', 'contado', 0, '0.00'),
(380, '200.00', '2018-03-03', 'Corte', 'Turnos', b'0', 'contado', 0, '0.00'),
(381, '250.00', '2018-03-04', 'Color', 'Turnos', b'0', 'debito', 0, '0.00'),
(382, '300.00', '2018-03-04', 'Peinado', 'Turnos', b'0', 'contado', 0, '0.00'),
(383, '200.00', '2018-03-04', 'Corte', 'Turnos', b'0', 'contado', 0, '0.00'),
(384, '300.00', '2018-03-04', 'Peinado', 'Turnos', b'0', 'contado', 0, '0.00'),
(385, '200.00', '2018-03-04', 'Corte', 'Turnos', b'0', 'debito', 0, '0.00'),
(386, '100.00', '2018-03-04', 'Alisado', 'Turnos', b'0', 'contado', 0, '0.00'),
(387, '100.00', '2018-03-04', 'Alisado', 'Turnos', b'0', 'contado', 0, '0.00'),
(388, '100.00', '2018-03-05', 'Alisado', 'Turnos', b'0', 'contado', 0, '0.00'),
(389, '200.00', '2018-03-05', 'Corte', 'Turnos', b'0', 'debito', 0, '0.00'),
(390, '200.00', '2018-03-05', 'Corte', 'Turnos', b'0', 'contado', 0, '0.00'),
(391, '250.00', '2018-03-05', 'Color', 'Turnos', b'0', 'debito', 0, '0.00'),
(392, '200.00', '2018-03-05', 'Corte', 'Turnos', b'0', 'contado', 0, '0.00'),
(393, '200.00', '2018-03-05', 'Corte', 'Turnos', b'0', 'contado', 0, '0.00'),
(394, '250.00', '2018-03-06', 'Color', 'Turnos', b'0', 'contado', 0, '0.00'),
(395, '200.00', '2018-03-06', 'Corte', 'Turnos', b'0', 'contado', 0, '0.00'),
(396, '100.00', '2018-03-06', 'Alisado', 'Turnos', b'0', 'contado', 0, '0.00'),
(397, '300.00', '2018-03-06', 'Peinado', 'Turnos', b'0', 'debito', 0, '0.00'),
(398, '250.00', '2018-03-06', 'Color', 'Turnos', b'0', 'contado', 0, '0.00'),
(399, '200.00', '2018-03-07', 'Corte', 'Turnos', b'0', 'contado', 0, '0.00'),
(400, '300.00', '2018-03-07', 'Peinado', 'Turnos', b'0', 'contado', 0, '0.00'),
(401, '200.00', '2018-03-07', 'Corte', 'Turnos', b'0', 'debito', 0, '0.00'),
(402, '100.00', '2018-03-07', 'Alisado', 'Turnos', b'0', 'contado', 0, '0.00'),
(403, '200.00', '2018-03-07', 'Corte', 'Turnos', b'0', 'contado', 0, '0.00'),
(404, '250.00', '2018-03-08', 'Color', 'Turnos', b'0', 'contado', 0, '0.00'),
(405, '250.00', '2018-03-08', 'Color', 'Turnos', b'0', 'debito', 0, '0.00'),
(406, '200.00', '2018-03-08', 'Corte', 'Turnos', b'0', 'contado', 0, '0.00'),
(407, '300.00', '2018-03-08', 'Peinado', 'Turnos', b'0', 'debito', 0, '0.00'),
(408, '200.00', '2018-03-08', 'Corte', 'Turnos', b'0', 'contado', 0, '0.00'),
(409, '200.00', '2018-03-08', 'Corte', 'Turnos', b'0', 'contado', 0, '0.00'),
(410, '250.00', '2018-03-09', 'Color', 'Turnos', b'0', 'debito', 0, '0.00'),
(411, '200.00', '2018-03-09', 'Corte', 'Turnos', b'0', 'contado', 0, '0.00'),
(412, '150.00', '2018-03-09', 'Lavado', 'Turnos', b'0', 'contado', 0, '0.00'),
(413, '200.00', '2018-03-09', 'Corte', 'Turnos', b'0', 'debito', 0, '0.00'),
(414, '200.00', '2018-03-09', 'Corte', 'Turnos', b'0', 'contado', 0, '0.00'),
(415, '300.00', '2018-03-09', 'Peinado', 'Turnos', b'0', 'contado', 0, '0.00'),
(416, '200.00', '2018-03-10', 'Corte', 'Turnos', b'0', 'credito', 1, '0.00'),
(417, '100.00', '2018-03-10', 'Alisado', 'Turnos', b'0', 'debito', 0, '0.00'),
(418, '250.00', '2018-03-10', 'Color', 'Turnos', b'0', 'debito', 0, '0.00'),
(419, '250.00', '2018-03-10', 'Color', 'Turnos', b'0', 'contado', 0, '0.00'),
(420, '100.00', '2018-03-10', 'Alisado', 'Turnos', b'0', 'contado', 0, '0.00'),
(421, '200.00', '2018-03-11', 'Corte', 'Turnos', b'0', 'contado', 0, '0.00'),
(422, '150.00', '2018-03-11', 'Lavado', 'Turnos', b'0', 'contado', 0, '0.00'),
(423, '200.00', '2018-03-11', 'Corte', 'Turnos', b'0', 'contado', 0, '0.00'),
(424, '300.00', '2018-03-11', 'Peinado', 'Turnos', b'0', 'debito', 0, '0.00'),
(425, '150.00', '2018-03-11', 'Lavado', 'Turnos', b'0', 'contado', 0, '0.00'),
(426, '300.00', '2018-03-11', 'Peinado', 'Turnos', b'0', 'debito', 0, '0.00'),
(427, '150.00', '2018-03-12', 'Lavado', 'Turnos', b'0', 'contado', 0, '0.00'),
(428, '200.00', '2018-03-12', 'Corte', 'Turnos', b'0', 'contado', 0, '0.00'),
(429, '200.00', '2018-03-12', 'Corte', 'Turnos', b'0', 'debito', 0, '0.00'),
(430, '200.00', '2018-03-12', 'Corte', 'Turnos', b'0', 'contado', 0, '0.00'),
(431, '300.00', '2018-03-12', 'Peinado', 'Turnos', b'0', 'debito', 0, '0.00'),
(432, '200.00', '2018-03-12', 'Corte', 'Turnos', b'0', 'contado', 0, '0.00'),
(433, '200.00', '2018-03-12', 'Corte', 'Turnos', b'0', 'contado', 0, '0.00'),
(434, '100.00', '2018-03-13', 'Alisado', 'Turnos', b'0', 'contado', 0, '0.00'),
(435, '100.00', '2018-03-13', 'Alisado', 'Turnos', b'0', 'contado', 0, '50.00'),
(436, '250.00', '2018-03-13', 'Color', 'Turnos', b'0', 'debito', 0, '0.00'),
(437, '200.00', '2018-03-13', 'Corte', 'Turnos', b'0', 'contado', 0, '0.00'),
(438, '200.00', '2018-03-13', 'Corte', 'Turnos', b'0', 'contado', 0, '0.00'),
(439, '300.00', '2018-03-13', 'Peinado', 'Turnos', b'0', 'contado', 0, '0.00'),
(440, '100.00', '2018-03-14', 'Alisado', 'Turnos', b'0', 'debito', 0, '0.00'),
(441, '300.00', '2018-03-14', 'Peinado', 'Turnos', b'0', 'contado', 0, '0.00'),
(442, '200.00', '2018-03-14', 'Corte', 'Turnos', b'0', 'contado', 0, '0.00'),
(443, '300.00', '2018-03-14', 'Peinado', 'Turnos', b'0', 'contado', 0, '0.00'),
(444, '300.00', '2018-03-14', 'Peinado', 'Turnos', b'0', 'contado', 0, '0.00'),
(445, '200.00', '2018-03-14', 'Corte', 'Turnos', b'0', 'debito', 0, '0.00'),
(446, '300.00', '2018-03-15', 'Peinado', 'Turnos', b'0', 'contado', 0, '0.00'),
(447, '300.00', '2018-03-15', 'Peinado', 'Turnos', b'0', 'debito', 0, '0.00'),
(448, '150.00', '2018-03-15', 'Lavado', 'Turnos', b'0', 'contado', 0, '0.00'),
(449, '300.00', '2018-03-15', 'Peinado', 'Turnos', b'0', 'contado', 0, '0.00'),
(450, '100.00', '2018-03-15', 'Alisado', 'Turnos', b'0', 'contado', 0, '0.00'),
(451, '200.00', '2018-03-15', 'Corte', 'Turnos', b'0', 'contado', 0, '0.00'),
(452, '200.00', '2018-03-16', 'Corte', 'Turnos', b'0', 'contado', 0, '0.00'),
(453, '150.00', '2018-03-16', 'Lavado', 'Turnos', b'0', 'contado', 0, '0.00'),
(454, '250.00', '2018-03-16', 'Color', 'Turnos', b'0', 'contado', 0, '0.00'),
(455, '250.00', '2018-03-16', 'Color', 'Turnos', b'0', 'contado', 0, '0.00'),
(456, '250.00', '2018-03-16', 'Color', 'Turnos', b'0', 'contado', 0, '0.00'),
(457, '250.00', '2018-03-16', 'Color', 'Turnos', b'0', 'contado', 0, '0.00'),
(458, '300.00', '2018-03-16', 'Peinado', 'Turnos', b'0', 'debito', 0, '0.00'),
(459, '200.00', '2018-03-16', 'Corte', 'Turnos', b'0', 'contado', 0, '0.00'),
(460, '100.00', '2018-03-17', 'Alisado', 'Turnos', b'0', 'contado', 0, '0.00'),
(461, '200.00', '2018-03-17', 'Corte', 'Turnos', b'0', 'contado', 0, '0.00'),
(462, '200.00', '2018-03-17', 'Corte', 'Turnos', b'0', 'contado', 0, '0.00'),
(463, '300.00', '2018-03-17', 'Peinado', 'Turnos', b'0', 'contado', 0, '0.00'),
(464, '200.00', '2018-03-17', 'Corte', 'Turnos', b'0', 'contado', 0, '0.00'),
(465, '200.00', '2018-03-17', 'Corte', 'Turnos', b'0', 'debito', 0, '0.00'),
(466, '300.00', '2018-03-17', 'Peinado', 'Turnos', b'0', 'contado', 0, '0.00'),
(467, '200.00', '2018-03-18', 'Corte', 'Turnos', b'0', 'contado', 0, '0.00'),
(468, '100.00', '2018-03-18', 'Alisado', 'Turnos', b'0', 'contado', 0, '0.00'),
(469, '300.00', '2018-03-18', 'Peinado', 'Turnos', b'0', 'debito', 0, '0.00'),
(470, '200.00', '2018-03-18', 'Corte', 'Turnos', b'0', 'contado', 0, '0.00'),
(471, '200.00', '2018-03-18', 'Corte', 'Turnos', b'0', 'contado', 0, '0.00'),
(472, '100.00', '2018-03-18', 'Alisado', 'Turnos', b'0', 'contado', 0, '0.00'),
(473, '150.00', '2018-03-18', 'Lavado', 'Turnos', b'0', 'debito', 0, '0.00'),
(474, '250.00', '2018-03-19', 'Color', 'Turnos', b'0', 'contado', 0, '0.00'),
(475, '250.00', '2018-03-19', 'Color', 'Turnos', b'0', 'debito', 0, '0.00'),
(476, '200.00', '2018-03-19', 'Corte', 'Turnos', b'0', 'contado', 0, '0.00'),
(477, '300.00', '2018-03-19', 'Peinado', 'Turnos', b'0', 'contado', 0, '0.00'),
(478, '150.00', '2018-03-19', 'Lavado', 'Turnos', b'0', 'debito', 0, '0.00'),
(479, '250.00', '2018-03-19', 'Color', 'Turnos', b'0', 'contado', 0, '0.00'),
(480, '300.00', '2018-03-20', 'Peinado', 'Turnos', b'0', 'contado', 0, '0.00'),
(481, '200.00', '2018-03-20', 'Corte', 'Turnos', b'0', 'debito', 0, '0.00'),
(482, '200.00', '2018-03-20', 'Corte', 'Turnos', b'0', 'contado', 0, '0.00'),
(483, '300.00', '2018-03-20', 'Peinado', 'Turnos', b'0', 'contado', 0, '0.00'),
(484, '100.00', '2018-03-20', 'Alisado', 'Turnos', b'0', 'contado', 0, '0.00'),
(485, '100.00', '2018-03-20', 'Alisado', 'Turnos', b'0', 'contado', 0, '0.00'),
(486, '300.00', '2018-03-21', 'Peinado', 'Turnos', b'0', 'contado', 0, '0.00'),
(487, '150.00', '2018-03-21', 'Lavado', 'Turnos', b'0', 'debito', 0, '50.00'),
(488, '100.00', '2018-03-21', 'Alisado', 'Turnos', b'0', 'contado', 0, '0.00'),
(489, '200.00', '2018-03-21', 'Corte', 'Turnos', b'0', 'contado', 0, '0.00'),
(490, '100.00', '2018-03-21', 'Alisado', 'Turnos', b'0', 'contado', 0, '0.00'),
(491, '200.00', '2018-03-21', 'Corte', 'Turnos', b'0', 'credito', 1, '0.00'),
(492, '300.00', '2018-03-22', 'Peinado', 'Turnos', b'0', 'contado', 0, '0.00'),
(493, '200.00', '2018-03-22', 'Corte', 'Turnos', b'0', 'contado', 0, '0.00'),
(494, '100.00', '2018-03-22', 'Alisado', 'Turnos', b'0', 'contado', 0, '0.00'),
(495, '250.00', '2018-03-22', 'Color', 'Turnos', b'0', 'contado', 0, '0.00'),
(496, '200.00', '2018-03-23', 'Corte', 'Turnos', b'0', 'contado', 0, '0.00'),
(497, '100.00', '2018-03-23', 'Alisado', 'Turnos', b'0', 'contado', 0, '0.00'),
(498, '100.00', '2018-03-23', 'Alisado', 'Turnos', b'0', 'contado', 0, '0.00'),
(499, '200.00', '2018-03-23', 'Corte', 'Turnos', b'0', 'contado', 0, '0.00'),
(500, '200.00', '2018-03-23', 'Corte', 'Turnos', b'0', 'debito', 0, '0.00'),
(501, '250.00', '2018-03-24', 'Color', 'Turnos', b'0', 'contado', 0, '0.00'),
(502, '200.00', '2018-03-24', 'Corte', 'Turnos', b'0', 'contado', 0, '0.00'),
(503, '300.00', '2018-03-24', 'Peinado', 'Turnos', b'0', 'debito', 0, '0.00'),
(504, '250.00', '2018-03-24', 'Color', 'Turnos', b'0', 'contado', 0, '0.00'),
(505, '100.00', '2018-03-24', 'Alisado', 'Turnos', b'0', 'contado', 0, '0.00'),
(506, '300.00', '2018-03-24', 'Peinado', 'Turnos', b'0', 'contado', 0, '0.00'),
(507, '250.00', '2018-03-25', 'Color', 'Turnos', b'0', 'contado', 0, '0.00'),
(508, '100.00', '2018-03-25', 'Alisado', 'Turnos', b'0', 'credito', 1, '0.00'),
(509, '300.00', '2018-03-25', 'Peinado', 'Turnos', b'0', 'debito', 0, '0.00'),
(510, '250.00', '2018-03-25', 'Color', 'Turnos', b'0', 'contado', 0, '0.00'),
(511, '200.00', '2018-03-25', 'Corte', 'Turnos', b'0', 'contado', 0, '0.00'),
(512, '200.00', '2018-03-25', 'Corte', 'Turnos', b'0', 'contado', 0, '0.00'),
(513, '200.00', '2018-03-26', 'Corte', 'Turnos', b'0', 'contado', 0, '0.00'),
(514, '250.00', '2018-03-26', 'Color', 'Turnos', b'0', 'debito', 0, '0.00'),
(515, '250.00', '2018-03-26', 'Color', 'Turnos', b'0', 'contado', 0, '0.00'),
(516, '200.00', '2018-03-26', 'Corte', 'Turnos', b'0', 'debito', 0, '0.00'),
(517, '200.00', '2018-03-26', 'Corte', 'Turnos', b'0', 'contado', 0, '0.00'),
(518, '200.00', '2018-03-26', 'Corte', 'Turnos', b'0', 'contado', 0, '0.00'),
(519, '200.00', '2018-03-27', 'Corte', 'Turnos', b'0', 'debito', 0, '0.00'),
(520, '250.00', '2018-03-27', 'Color', 'Turnos', b'0', 'contado', 0, '0.00'),
(521, '200.00', '2018-03-27', 'Corte', 'Turnos', b'0', 'contado', 0, '0.00'),
(522, '100.00', '2018-03-27', 'Alisado', 'Turnos', b'0', 'contado', 0, '0.00'),
(523, '200.00', '2018-03-27', 'Corte', 'Turnos', b'0', 'contado', 0, '0.00'),
(524, '100.00', '2018-03-28', 'Alisado', 'Turnos', b'0', 'contado', 0, '0.00'),
(525, '150.00', '2018-03-28', 'Lavado', 'Turnos', b'0', 'contado', 0, '0.00'),
(526, '250.00', '2018-03-28', 'Color', 'Turnos', b'0', 'contado', 0, '0.00'),
(527, '200.00', '2018-03-28', 'Corte', 'Turnos', b'0', 'contado', 0, '0.00'),
(528, '100.00', '2018-03-28', 'Alisado', 'Turnos', b'0', 'contado', 0, '0.00'),
(529, '250.00', '2018-03-29', 'Color', 'Turnos', b'0', 'debito', 0, '0.00'),
(530, '250.00', '2018-03-29', 'Color', 'Turnos', b'0', 'contado', 0, '0.00'),
(531, '200.00', '2018-03-29', 'Corte', 'Turnos', b'0', 'contado', 0, '0.00'),
(532, '300.00', '2018-03-29', 'Peinado', 'Turnos', b'0', 'contado', 0, '0.00'),
(533, '100.00', '2018-03-29', 'Alisado', 'Turnos', b'0', 'debito', 0, '0.00'),
(534, '200.00', '2018-03-30', 'Corte', 'Turnos', b'0', 'contado', 0, '0.00'),
(535, '200.00', '2018-03-30', 'Corte', 'Turnos', b'0', 'contado', 0, '0.00'),
(536, '200.00', '2018-03-30', 'Corte', 'Turnos', b'0', 'contado', 0, '0.00'),
(537, '100.00', '2018-03-30', 'Alisado', 'Turnos', b'0', 'contado', 0, '0.00'),
(538, '300.00', '2018-03-30', 'Peinado', 'Turnos', b'0', 'contado', 0, '0.00'),
(539, '300.00', '2018-03-31', 'Peinado', 'Turnos', b'0', 'contado', 0, '0.00'),
(540, '100.00', '2018-03-31', 'Alisado', 'Turnos', b'0', 'contado', 0, '0.00'),
(541, '200.00', '2018-03-31', 'Corte', 'Turnos', b'0', 'contado', 0, '0.00'),
(542, '100.00', '2018-03-31', 'Alisado', 'Turnos', b'0', 'contado', 0, '0.00'),
(543, '250.00', '2018-03-31', 'Color', 'Turnos', b'0', 'contado', 0, '0.00'),
(544, '250.00', '2018-03-31', 'Color', 'Turnos', b'0', 'debito', 0, '0.00'),
(545, '200.00', '2018-04-01', 'Corte', 'Turnos', b'0', 'contado', 0, '0.00'),
(546, '200.00', '2018-04-01', 'Corte', 'Turnos', b'0', 'contado', 0, '0.00'),
(547, '200.00', '2018-04-01', 'Corte', 'Turnos', b'0', 'debito', 0, '0.00'),
(548, '200.00', '2018-04-01', 'Corte', 'Turnos', b'0', 'contado', 0, '0.00'),
(549, '200.00', '2018-04-01', 'Corte', 'Turnos', b'0', 'contado', 0, '0.00'),
(550, '300.00', '2018-04-02', 'Peinado', 'Turnos', b'0', 'contado', 0, '0.00'),
(551, '200.00', '2018-04-02', 'Corte', 'Turnos', b'0', 'contado', 0, '0.00'),
(552, '200.00', '2018-04-02', 'Corte', 'Turnos', b'0', 'debito', 0, '0.00'),
(553, '250.00', '2018-04-02', 'Color', 'Turnos', b'0', 'contado', 0, '0.00'),
(554, '250.00', '2018-04-02', 'Color', 'Turnos', b'0', 'debito', 0, '0.00'),
(555, '250.00', '2018-04-03', 'Color', 'Turnos', b'0', 'contado', 0, '0.00'),
(556, '200.00', '2018-04-03', 'Corte', 'Turnos', b'0', 'contado', 0, '0.00'),
(557, '250.00', '2018-04-03', 'Color', 'Turnos', b'0', 'contado', 0, '0.00'),
(558, '100.00', '2018-04-03', 'Alisado', 'Turnos', b'0', 'debito', 0, '0.00'),
(559, '200.00', '2018-04-03', 'Corte', 'Turnos', b'0', 'contado', 0, '50.00'),
(560, '300.00', '2018-04-04', 'Peinado', 'Turnos', b'0', 'contado', 0, '0.00'),
(561, '250.00', '2018-04-04', 'Color', 'Turnos', b'0', 'contado', 0, '0.00'),
(562, '150.00', '2018-04-04', 'Lavado', 'Turnos', b'0', 'debito', 0, '0.00'),
(563, '250.00', '2018-04-04', 'Color', 'Turnos', b'0', 'contado', 0, '0.00'),
(564, '300.00', '2018-04-04', 'Peinado', 'Turnos', b'0', 'contado', 0, '0.00'),
(565, '250.00', '2018-04-04', 'Color', 'Turnos', b'0', 'contado', 0, '0.00'),
(566, '200.00', '2018-04-05', 'Corte', 'Turnos', b'0', 'debito', 0, '0.00'),
(567, '200.00', '2018-04-05', 'Corte', 'Turnos', b'0', 'contado', 0, '0.00'),
(568, '200.00', '2018-04-05', 'Corte', 'Turnos', b'0', 'contado', 0, '0.00'),
(569, '100.00', '2018-04-05', 'Alisado', 'Turnos', b'0', 'debito', 0, '0.00'),
(570, '300.00', '2018-04-05', 'Peinado', 'Turnos', b'0', 'contado', 0, '0.00'),
(571, '200.00', '2018-04-06', 'Corte', 'Turnos', b'0', 'contado', 0, '0.00'),
(572, '250.00', '2018-04-06', 'Color', 'Turnos', b'0', 'contado', 0, '0.00'),
(573, '250.00', '2018-04-06', 'Color', 'Turnos', b'0', 'debito', 0, '0.00'),
(574, '200.00', '2018-04-06', 'Corte', 'Turnos', b'0', 'contado', 0, '0.00'),
(575, '100.00', '2018-04-06', 'Alisado', 'Turnos', b'0', 'contado', 0, '0.00'),
(576, '200.00', '2018-04-06', 'Corte', 'Turnos', b'0', 'debito', 0, '0.00'),
(577, '100.00', '2018-04-07', 'Alisado', 'Turnos', b'0', 'contado', 0, '0.00'),
(578, '100.00', '2018-04-07', 'Alisado', 'Turnos', b'0', 'contado', 0, '0.00'),
(579, '150.00', '2018-04-07', 'Lavado', 'Turnos', b'0', 'contado', 0, '0.00'),
(580, '100.00', '2018-04-07', 'Alisado', 'Turnos', b'0', 'contado', 0, '0.00'),
(581, '200.00', '2018-04-07', 'Corte', 'Turnos', b'0', 'debito', 0, '0.00'),
(582, '300.00', '2018-04-08', 'Peinado', 'Turnos', b'0', 'contado', 0, '0.00'),
(583, '200.00', '2018-04-08', 'Corte', 'Turnos', b'0', 'contado', 0, '0.00'),
(584, '200.00', '2018-04-08', 'Corte', 'Turnos', b'0', 'contado', 0, '0.00'),
(585, '100.00', '2018-04-08', 'Alisado', 'Turnos', b'0', 'credito', 1, '0.00'),
(586, '300.00', '2018-04-08', 'Peinado', 'Turnos', b'0', 'contado', 0, '0.00'),
(587, '250.00', '2018-04-09', 'Color', 'Turnos', b'0', 'debito', 0, '0.00'),
(588, '200.00', '2018-04-09', 'Corte', 'Turnos', b'0', 'contado', 0, '0.00'),
(589, '150.00', '2018-04-09', 'Lavado', 'Turnos', b'0', 'contado', 0, '0.00'),
(590, '250.00', '2018-04-09', 'Color', 'Turnos', b'0', 'contado', 0, '0.00'),
(591, '200.00', '2018-04-09', 'Corte', 'Turnos', b'0', 'debito', 0, '0.00'),
(592, '200.00', '2018-04-09', 'Corte', 'Turnos', b'0', 'contado', 0, '0.00'),
(593, '300.00', '2018-04-10', 'Peinado', 'Turnos', b'0', 'debito', 0, '0.00'),
(594, '200.00', '2018-04-10', 'Corte', 'Turnos', b'0', 'contado', 0, '0.00'),
(595, '100.00', '2018-04-10', 'Alisado', 'Turnos', b'0', 'contado', 0, '0.00'),
(596, '250.00', '2018-04-10', 'Color', 'Turnos', b'0', 'contado', 0, '0.00'),
(597, '150.00', '2018-04-10', 'Lavado', 'Turnos', b'0', 'contado', 0, '0.00'),
(598, '200.00', '2018-04-11', 'Corte', 'Turnos', b'0', 'debito', 0, '0.00'),
(599, '200.00', '2018-04-11', 'Corte', 'Turnos', b'0', 'contado', 0, '0.00'),
(600, '200.00', '2018-04-11', 'Corte', 'Turnos', b'0', 'debito', 0, '0.00'),
(601, '200.00', '2018-04-11', 'Corte', 'Turnos', b'0', 'contado', 0, '0.00'),
(602, '300.00', '2018-04-11', 'Peinado', 'Turnos', b'0', 'contado', 0, '0.00'),
(603, '250.00', '2018-04-12', 'Color', 'Turnos', b'0', 'contado', 0, '0.00'),
(604, '150.00', '2018-04-12', 'Lavado', 'Turnos', b'0', 'contado', 0, '0.00'),
(605, '200.00', '2018-04-12', 'Corte', 'Turnos', b'0', 'contado', 0, '0.00'),
(606, '200.00', '2018-04-12', 'Corte', 'Turnos', b'0', 'contado', 0, '0.00'),
(607, '250.00', '2018-04-12', 'Color', 'Turnos', b'0', 'contado', 0, '0.00'),
(608, '200.00', '2018-04-13', 'Corte', 'Turnos', b'0', 'contado', 0, '0.00'),
(609, '300.00', '2018-04-13', 'Peinado', 'Turnos', b'0', 'contado', 0, '0.00'),
(610, '200.00', '2018-04-13', 'Corte', 'Turnos', b'0', 'contado', 0, '0.00'),
(611, '300.00', '2018-04-13', 'Peinado', 'Turnos', b'0', 'contado', 0, '0.00'),
(612, '100.00', '2018-04-13', 'Alisado', 'Turnos', b'0', 'debito', 0, '0.00'),
(613, '250.00', '2018-04-14', 'Color', 'Turnos', b'0', 'contado', 0, '0.00'),
(614, '200.00', '2018-04-14', 'Corte', 'Turnos', b'0', 'contado', 0, '0.00'),
(615, '300.00', '2018-04-14', 'Peinado', 'Turnos', b'0', 'debito', 0, '0.00'),
(616, '150.00', '2018-04-14', 'Lavado', 'Turnos', b'0', 'debito', 0, '0.00'),
(617, '300.00', '2018-04-14', 'Peinado', 'Turnos', b'0', 'contado', 0, '0.00'),
(618, '200.00', '2018-04-14', 'Corte', 'Turnos', b'0', 'contado', 0, '0.00'),
(619, '100.00', '2018-04-15', 'Alisado', 'Turnos', b'0', 'contado', 0, '0.00'),
(620, '200.00', '2018-04-15', 'Corte', 'Turnos', b'0', 'contado', 0, '0.00'),
(621, '100.00', '2018-04-15', 'Alisado', 'Turnos', b'0', 'contado', 0, '0.00'),
(622, '250.00', '2018-04-15', 'Color', 'Turnos', b'0', 'contado', 0, '0.00'),
(623, '250.00', '2018-04-15', 'Color', 'Turnos', b'0', 'contado', 0, '0.00'),
(624, '200.00', '2018-04-15', 'Corte', 'Turnos', b'0', 'contado', 0, '0.00'),
(625, '150.00', '2018-04-16', 'Lavado', 'Turnos', b'0', 'contado', 0, '0.00'),
(626, '300.00', '2018-04-16', 'Peinado', 'Turnos', b'0', 'contado', 0, '0.00'),
(627, '100.00', '2018-04-16', 'Alisado', 'Turnos', b'0', 'contado', 0, '0.00'),
(628, '100.00', '2018-04-16', 'Alisado', 'Turnos', b'0', 'debito', 0, '0.00'),
(629, '200.00', '2018-04-16', 'Corte', 'Turnos', b'0', 'contado', 0, '0.00'),
(630, '200.00', '2018-04-17', 'Corte', 'Turnos', b'0', 'contado', 0, '0.00'),
(631, '250.00', '2018-04-17', 'Color', 'Turnos', b'0', 'credito', 1, '0.00'),
(632, '100.00', '2018-04-17', 'Alisado', 'Turnos', b'0', 'contado', 0, '0.00'),
(633, '300.00', '2018-04-17', 'Peinado', 'Turnos', b'0', 'contado', 0, '0.00'),
(634, '200.00', '2018-04-17', 'Corte', 'Turnos', b'0', 'contado', 0, '50.00'),
(635, '200.00', '2018-04-17', 'Corte', 'Turnos', b'0', 'contado', 0, '0.00'),
(636, '150.00', '2018-04-18', 'Lavado', 'Turnos', b'0', 'contado', 0, '0.00'),
(637, '250.00', '2018-04-18', 'Color', 'Turnos', b'0', 'contado', 0, '0.00'),
(638, '200.00', '2018-04-18', 'Corte', 'Turnos', b'0', 'contado', 0, '0.00'),
(639, '100.00', '2018-04-18', 'Alisado', 'Turnos', b'0', 'debito', 0, '0.00'),
(640, '100.00', '2018-04-18', 'Alisado', 'Turnos', b'0', 'contado', 0, '0.00'),
(641, '250.00', '2018-04-19', 'Color', 'Turnos', b'0', 'contado', 0, '0.00'),
(642, '250.00', '2018-04-19', 'Color', 'Turnos', b'0', 'contado', 0, '0.00'),
(643, '150.00', '2018-04-19', 'Lavado', 'Turnos', b'0', 'contado', 0, '0.00'),
(644, '250.00', '2018-04-19', 'Color', 'Turnos', b'0', 'debito', 0, '0.00'),
(645, '200.00', '2018-04-19', 'Corte', 'Turnos', b'0', 'contado', 0, '0.00'),
(646, '250.00', '2018-04-20', 'Color', 'Turnos', b'0', 'contado', 0, '0.00'),
(647, '200.00', '2018-04-20', 'Corte', 'Turnos', b'0', 'contado', 0, '0.00'),
(648, '200.00', '2018-04-20', 'Corte', 'Turnos', b'0', 'debito', 0, '0.00'),
(649, '200.00', '2018-04-20', 'Corte', 'Turnos', b'0', 'contado', 0, '0.00'),
(650, '300.00', '2018-04-20', 'Peinado', 'Turnos', b'0', 'contado', 0, '0.00'),
(651, '250.00', '2018-04-21', 'Color', 'Turnos', b'0', 'contado', 0, '0.00'),
(652, '150.00', '2018-04-21', 'Lavado', 'Turnos', b'0', 'contado', 0, '0.00'),
(653, '250.00', '2018-04-21', 'Color', 'Turnos', b'0', 'credito', 1, '0.00'),
(654, '250.00', '2018-04-21', 'Color', 'Turnos', b'0', 'contado', 0, '0.00'),
(655, '200.00', '2018-04-21', 'Corte', 'Turnos', b'0', 'contado', 0, '0.00'),
(656, '200.00', '2018-04-22', 'Corte', 'Turnos', b'0', 'debito', 0, '0.00'),
(657, '200.00', '2018-04-22', 'Corte', 'Turnos', b'0', 'contado', 0, '0.00'),
(658, '200.00', '2018-04-22', 'Corte', 'Turnos', b'0', 'debito', 0, '0.00'),
(659, '100.00', '2018-04-22', 'Alisado', 'Turnos', b'0', 'contado', 0, '0.00'),
(660, '200.00', '2018-04-22', 'Corte', 'Turnos', b'0', 'contado', 0, '0.00'),
(661, '100.00', '2018-04-23', 'Alisado', 'Turnos', b'0', 'contado', 0, '0.00'),
(662, '100.00', '2018-04-23', 'Alisado', 'Turnos', b'0', 'contado', 0, '0.00'),
(663, '200.00', '2018-04-23', 'Corte', 'Turnos', b'0', 'contado', 0, '0.00'),
(664, '150.00', '2018-04-23', 'Lavado', 'Turnos', b'0', 'contado', 0, '0.00'),
(665, '200.00', '2018-04-23', 'Corte', 'Turnos', b'0', 'contado', 0, '0.00'),
(666, '150.00', '2018-04-24', 'Lavado', 'Turnos', b'0', 'contado', 0, '0.00'),
(667, '200.00', '2018-04-24', 'Corte', 'Turnos', b'0', 'contado', 0, '0.00'),
(668, '300.00', '2018-04-24', 'Peinado', 'Turnos', b'0', 'contado', 0, '0.00'),
(669, '300.00', '2018-04-24', 'Peinado', 'Turnos', b'0', 'contado', 0, '0.00'),
(670, '300.00', '2018-04-24', 'Peinado', 'Turnos', b'0', 'contado', 0, '0.00'),
(671, '100.00', '2018-04-25', 'Alisado', 'Turnos', b'0', 'contado', 0, '0.00'),
(672, '100.00', '2018-04-25', 'Alisado', 'Turnos', b'0', 'debito', 0, '0.00'),
(673, '300.00', '2018-04-25', 'Peinado', 'Turnos', b'0', 'contado', 0, '0.00'),
(674, '200.00', '2018-04-25', 'Corte', 'Turnos', b'0', 'contado', 0, '0.00'),
(675, '300.00', '2018-04-25', 'Peinado', 'Turnos', b'0', 'contado', 0, '0.00'),
(676, '250.00', '2018-04-26', 'Color', 'Turnos', b'0', 'contado', 0, '0.00'),
(677, '300.00', '2018-04-26', 'Peinado', 'Turnos', b'0', 'credito', 1, '0.00'),
(678, '200.00', '2018-04-26', 'Corte', 'Turnos', b'0', 'debito', 0, '0.00'),
(679, '250.00', '2018-04-26', 'Color', 'Turnos', b'0', 'contado', 0, '0.00'),
(680, '250.00', '2018-04-26', 'Color', 'Turnos', b'0', 'debito', 0, '0.00'),
(681, '300.00', '2018-04-27', 'Peinado', 'Turnos', b'0', 'contado', 0, '50.00'),
(682, '200.00', '2018-04-27', 'Corte', 'Turnos', b'0', 'contado', 0, '0.00'),
(683, '250.00', '2018-04-27', 'Color', 'Turnos', b'0', 'contado', 0, '0.00'),
(684, '100.00', '2018-04-27', 'Alisado', 'Turnos', b'0', 'contado', 0, '0.00'),
(685, '200.00', '2018-04-27', 'Corte', 'Turnos', b'0', 'contado', 0, '0.00'),
(686, '200.00', '2018-04-28', 'Corte', 'Turnos', b'0', 'debito', 0, '0.00'),
(687, '100.00', '2018-04-28', 'Alisado', 'Turnos', b'0', 'debito', 0, '0.00'),
(688, '200.00', '2018-04-28', 'Corte', 'Turnos', b'0', 'contado', 0, '0.00'),
(689, '300.00', '2018-04-28', 'Peinado', 'Turnos', b'0', 'contado', 0, '0.00'),
(690, '300.00', '2018-04-28', 'Peinado', 'Turnos', b'0', 'contado', 0, '0.00'),
(691, '250.00', '2018-04-28', 'Color', 'Turnos', b'0', 'contado', 0, '0.00'),
(692, '300.00', '2018-04-29', 'Peinado', 'Turnos', b'0', 'debito', 0, '0.00'),
(693, '300.00', '2018-04-29', 'Peinado', 'Turnos', b'0', 'contado', 0, '0.00'),
(694, '200.00', '2018-04-29', 'Corte', 'Turnos', b'0', 'contado', 0, '0.00'),
(695, '300.00', '2018-04-29', 'Peinado', 'Turnos', b'0', 'contado', 0, '0.00'),
(696, '200.00', '2018-04-29', 'Corte', 'Turnos', b'0', 'debito', 0, '0.00'),
(697, '200.00', '2018-04-30', 'Corte', 'Turnos', b'0', 'credito', 1, '0.00'),
(698, '200.00', '2018-04-30', 'Corte', 'Turnos', b'0', 'contado', 0, '0.00'),
(699, '200.00', '2018-04-30', 'Corte', 'Turnos', b'0', 'contado', 0, '0.00'),
(700, '300.00', '2018-04-30', 'Peinado', 'Turnos', b'0', 'contado', 0, '0.00'),
(701, '200.00', '2018-04-30', 'Corte', 'Turnos', b'0', 'debito', 0, '0.00'),
(702, '250.00', '2018-04-30', 'Color', 'Turnos', b'0', 'contado', 0, '0.00'),
(1000, '50.00', '2018-01-01', 'Raul Cano', 'Peluqueros', b'1', 'contado', 0, '0.00'),
(1001, '25.00', '2018-01-01', 'Romina Trujillo', 'Peluqueros', b'1', 'contado', 0, '0.00'),
(1002, '50.00', '2018-01-01', 'Raul Cano', 'Peluqueros', b'1', 'contado', 0, '0.00'),
(1003, '25.00', '2018-01-01', 'Jorge Osorio', 'Peluqueros', b'1', 'contado', 0, '0.00'),
(1004, '62.50', '2018-01-01', 'Jorge Osorio', 'Peluqueros', b'1', 'contado', 0, '0.00'),
(1005, '62.50', '2018-01-02', 'Jorge Osorio', 'Peluqueros', b'1', 'contado', 0, '0.00'),
(1006, '37.50', '2018-01-02', 'Romina Trujillo', 'Peluqueros', b'1', 'contado', 0, '0.00'),
(1007, '75.00', '2018-01-02', 'Raul Cano', 'Peluqueros', b'1', 'contado', 0, '0.00'),
(1008, '62.50', '2018-01-02', 'Raul Cano', 'Peluqueros', b'1', 'contado', 0, '0.00'),
(1009, '62.50', '2018-01-02', 'Romina Trujillo', 'Peluqueros', b'1', 'contado', 0, '0.00'),
(1010, '50.00', '2018-01-02', 'Romina Trujillo', 'Peluqueros', b'1', 'contado', 0, '0.00'),
(1011, '25.00', '2018-01-03', 'Jorge Osorio', 'Peluqueros', b'1', 'contado', 0, '0.00'),
(1012, '25.00', '2018-01-03', 'Romina Trujillo', 'Peluqueros', b'1', 'contado', 0, '0.00'),
(1013, '50.00', '2018-01-03', 'Raul Cano', 'Peluqueros', b'1', 'contado', 0, '0.00'),
(1014, '50.00', '2018-01-03', 'Romina Trujillo', 'Peluqueros', b'1', 'contado', 0, '0.00'),
(1015, '37.50', '2018-01-04', 'Romina Trujillo', 'Peluqueros', b'1', 'contado', 0, '0.00'),
(1016, '50.00', '2018-01-04', 'Romina Trujillo', 'Peluqueros', b'1', 'contado', 0, '0.00'),
(1017, '50.00', '2018-01-04', 'Raul Cano', 'Peluqueros', b'1', 'contado', 0, '0.00'),
(1018, '50.00', '2018-01-04', 'Romina Trujillo', 'Peluqueros', b'1', 'contado', 0, '0.00'),
(1019, '50.00', '2018-01-04', 'Raul Cano', 'Peluqueros', b'1', 'contado', 0, '0.00'),
(1020, '50.00', '2018-01-04', 'Jorge Osorio', 'Peluqueros', b'1', 'contado', 0, '0.00'),
(1021, '50.00', '2018-01-05', 'Raul Cano', 'Peluqueros', b'1', 'contado', 0, '0.00'),
(1022, '50.00', '2018-01-05', 'Romina Trujillo', 'Peluqueros', b'1', 'contado', 0, '0.00'),
(1023, '25.00', '2018-01-05', 'Raul Cano', 'Peluqueros', b'1', 'contado', 0, '0.00'),
(1024, '62.50', '2018-01-05', 'Jorge Osorio', 'Peluqueros', b'1', 'contado', 0, '0.00'),
(1025, '75.00', '2018-01-05', 'Romina Trujillo', 'Peluqueros', b'1', 'contado', 0, '0.00'),
(1026, '25.00', '2018-01-05', 'Raul Cano', 'Peluqueros', b'1', 'contado', 0, '0.00'),
(1027, '62.50', '2018-01-05', 'Romina Trujillo', 'Peluqueros', b'1', 'contado', 0, '0.00'),
(1028, '50.00', '2018-01-06', 'Romina Trujillo', 'Peluqueros', b'1', 'contado', 0, '0.00'),
(1029, '50.00', '2018-01-06', 'Jorge Osorio', 'Peluqueros', b'1', 'contado', 0, '0.00'),
(1030, '62.50', '2018-01-06', 'Raul Cano', 'Peluqueros', b'1', 'contado', 0, '0.00'),
(1031, '50.00', '2018-01-06', 'Raul Cano', 'Peluqueros', b'1', 'contado', 0, '0.00'),
(1032, '62.50', '2018-01-06', 'Romina Trujillo', 'Peluqueros', b'1', 'contado', 0, '0.00'),
(1033, '37.50', '2018-01-06', 'Raul Cano', 'Peluqueros', b'1', 'contado', 0, '0.00'),
(1034, '25.00', '2018-01-06', 'Raul Cano', 'Peluqueros', b'1', 'contado', 0, '0.00'),
(1035, '50.00', '2018-01-07', 'Raul Cano', 'Peluqueros', b'1', 'contado', 0, '0.00'),
(1036, '25.00', '2018-01-07', 'Raul Cano', 'Peluqueros', b'1', 'contado', 0, '0.00'),
(1037, '50.00', '2018-01-07', 'Romina Trujillo', 'Peluqueros', b'1', 'contado', 0, '0.00'),
(1038, '75.00', '2018-01-07', 'Romina Trujillo', 'Peluqueros', b'1', 'contado', 0, '0.00'),
(1039, '75.00', '2018-01-07', 'Jorge Osorio', 'Peluqueros', b'1', 'contado', 0, '0.00'),
(1040, '62.50', '2018-01-07', 'Romina Trujillo', 'Peluqueros', b'1', 'contado', 0, '0.00'),
(1041, '62.50', '2018-01-08', 'Jorge Osorio', 'Peluqueros', b'1', 'contado', 0, '0.00'),
(1042, '62.50', '2018-01-08', 'Jorge Osorio', 'Peluqueros', b'1', 'contado', 0, '0.00'),
(1043, '50.00', '2018-01-08', 'Romina Trujillo', 'Peluqueros', b'1', 'contado', 0, '0.00'),
(1044, '25.00', '2018-01-08', 'Jorge Osorio', 'Peluqueros', b'1', 'contado', 0, '0.00'),
(1045, '50.00', '2018-01-08', 'Romina Trujillo', 'Peluqueros', b'1', 'contado', 0, '0.00'),
(1046, '37.50', '2018-01-08', 'Raul Cano', 'Peluqueros', b'1', 'contado', 0, '0.00'),
(1047, '37.50', '2018-01-09', 'Raul Cano', 'Peluqueros', b'1', 'contado', 0, '0.00'),
(1048, '50.00', '2018-01-09', 'Jorge Osorio', 'Peluqueros', b'1', 'contado', 0, '0.00'),
(1049, '50.00', '2018-01-09', 'Romina Trujillo', 'Peluqueros', b'1', 'contado', 0, '0.00'),
(1050, '50.00', '2018-01-09', 'Jorge Osorio', 'Peluqueros', b'1', 'contado', 0, '0.00'),
(1051, '50.00', '2018-01-09', 'Jorge Osorio', 'Peluqueros', b'1', 'contado', 0, '0.00'),
(1052, '50.00', '2018-01-09', 'Romina Trujillo', 'Peluqueros', b'1', 'contado', 0, '0.00'),
(1053, '50.00', '2018-01-10', 'Romina Trujillo', 'Peluqueros', b'1', 'contado', 0, '0.00'),
(1054, '75.00', '2018-01-10', 'Jorge Osorio', 'Peluqueros', b'1', 'contado', 0, '0.00'),
(1055, '37.50', '2018-01-10', 'Jorge Osorio', 'Peluqueros', b'1', 'contado', 0, '0.00'),
(1056, '50.00', '2018-01-10', 'Jorge Osorio', 'Peluqueros', b'1', 'contado', 0, '0.00'),
(1057, '50.00', '2018-01-10', 'Jorge Osorio', 'Peluqueros', b'1', 'contado', 0, '0.00'),
(1058, '50.00', '2018-01-10', 'Romina Trujillo', 'Peluqueros', b'1', 'contado', 0, '0.00'),
(1059, '62.50', '2018-01-10', 'Raul Cano', 'Peluqueros', b'1', 'contado', 0, '0.00'),
(1060, '50.00', '2018-01-11', 'Romina Trujillo', 'Peluqueros', b'1', 'contado', 0, '0.00'),
(1061, '25.00', '2018-01-11', 'Romina Trujillo', 'Peluqueros', b'1', 'contado', 0, '0.00'),
(1062, '50.00', '2018-01-11', 'Romina Trujillo', 'Peluqueros', b'1', 'contado', 0, '0.00'),
(1063, '50.00', '2018-01-11', 'Romina Trujillo', 'Peluqueros', b'1', 'contado', 0, '0.00'),
(1064, '50.00', '2018-01-11', 'Raul Cano', 'Peluqueros', b'1', 'contado', 0, '0.00'),
(1065, '75.00', '2018-01-11', 'Romina Trujillo', 'Peluqueros', b'1', 'contado', 0, '0.00'),
(1066, '75.00', '2018-01-11', 'Romina Trujillo', 'Peluqueros', b'1', 'contado', 0, '0.00'),
(1067, '50.00', '2018-01-12', 'Romina Trujillo', 'Peluqueros', b'1', 'contado', 0, '0.00'),
(1068, '50.00', '2018-01-12', 'Raul Cano', 'Peluqueros', b'1', 'contado', 0, '0.00'),
(1069, '50.00', '2018-01-12', 'Jorge Osorio', 'Peluqueros', b'1', 'contado', 0, '0.00'),
(1070, '62.50', '2018-01-12', 'Romina Trujillo', 'Peluqueros', b'1', 'contado', 0, '0.00'),
(1071, '37.50', '2018-01-12', 'Romina Trujillo', 'Peluqueros', b'1', 'contado', 0, '0.00'),
(1072, '50.00', '2018-01-12', 'Romina Trujillo', 'Peluqueros', b'1', 'contado', 0, '0.00'),
(1073, '25.00', '2018-01-12', 'Jorge Osorio', 'Peluqueros', b'1', 'contado', 0, '0.00'),
(1074, '50.00', '2018-01-13', 'Jorge Osorio', 'Peluqueros', b'1', 'contado', 0, '0.00'),
(1075, '62.50', '2018-01-13', 'Raul Cano', 'Peluqueros', b'1', 'contado', 0, '0.00'),
(1076, '75.00', '2018-01-13', 'Jorge Osorio', 'Peluqueros', b'1', 'contado', 0, '0.00'),
(1077, '50.00', '2018-01-13', 'Jorge Osorio', 'Peluqueros', b'1', 'contado', 0, '0.00'),
(1078, '50.00', '2018-01-13', 'Raul Cano', 'Peluqueros', b'1', 'contado', 0, '0.00'),
(1079, '62.50', '2018-01-13', 'Romina Trujillo', 'Peluqueros', b'1', 'contado', 0, '0.00'),
(1080, '50.00', '2018-01-13', 'Romina Trujillo', 'Peluqueros', b'1', 'contado', 0, '0.00'),
(1081, '75.00', '2018-01-14', 'Raul Cano', 'Peluqueros', b'1', 'contado', 0, '0.00'),
(1082, '50.00', '2018-01-14', 'Romina Trujillo', 'Peluqueros', b'1', 'contado', 0, '0.00'),
(1083, '62.50', '2018-01-14', 'Jorge Osorio', 'Peluqueros', b'1', 'contado', 0, '0.00'),
(1084, '50.00', '2018-01-14', 'Raul Cano', 'Peluqueros', b'1', 'contado', 0, '0.00'),
(1085, '62.50', '2018-01-14', 'Romina Trujillo', 'Peluqueros', b'1', 'contado', 0, '0.00'),
(1086, '25.00', '2018-01-14', 'Raul Cano', 'Peluqueros', b'1', 'contado', 0, '0.00'),
(1087, '25.00', '2018-01-14', 'Jorge Osorio', 'Peluqueros', b'1', 'contado', 0, '0.00'),
(1088, '25.00', '2018-01-15', 'Romina Trujillo', 'Peluqueros', b'1', 'contado', 0, '0.00'),
(1089, '50.00', '2018-01-15', 'Raul Cano', 'Peluqueros', b'1', 'contado', 0, '0.00'),
(1090, '50.00', '2018-01-15', 'Raul Cano', 'Peluqueros', b'1', 'contado', 0, '0.00'),
(1091, '75.00', '2018-01-15', 'Jorge Osorio', 'Peluqueros', b'1', 'contado', 0, '0.00'),
(1092, '75.00', '2018-01-15', 'Jorge Osorio', 'Peluqueros', b'1', 'contado', 0, '0.00'),
(1093, '75.00', '2018-01-15', 'Romina Trujillo', 'Peluqueros', b'1', 'contado', 0, '0.00'),
(1094, '25.00', '2018-01-15', 'Jorge Osorio', 'Peluqueros', b'1', 'contado', 0, '0.00'),
(1095, '62.50', '2018-01-16', 'Jorge Osorio', 'Peluqueros', b'1', 'contado', 0, '0.00'),
(1096, '25.00', '2018-01-16', 'Jorge Osorio', 'Peluqueros', b'1', 'contado', 0, '0.00'),
(1097, '50.00', '2018-01-16', 'Romina Trujillo', 'Peluqueros', b'1', 'contado', 0, '0.00'),
(1098, '75.00', '2018-01-16', 'Jorge Osorio', 'Peluqueros', b'1', 'contado', 0, '0.00'),
(1099, '75.00', '2018-01-16', 'Romina Trujillo', 'Peluqueros', b'1', 'contado', 0, '0.00'),
(1100, '75.00', '2018-01-16', 'Romina Trujillo', 'Peluqueros', b'1', 'contado', 0, '0.00'),
(1101, '50.00', '2018-01-17', 'Raul Cano', 'Peluqueros', b'1', 'contado', 0, '0.00'),
(1102, '50.00', '2018-01-17', 'Romina Trujillo', 'Peluqueros', b'1', 'contado', 0, '0.00'),
(1103, '62.50', '2018-01-17', 'Raul Cano', 'Peluqueros', b'1', 'contado', 0, '0.00'),
(1104, '25.00', '2018-01-17', 'Raul Cano', 'Peluqueros', b'1', 'contado', 0, '0.00'),
(1105, '50.00', '2018-01-17', 'Romina Trujillo', 'Peluqueros', b'1', 'contado', 0, '0.00'),
(1106, '25.00', '2018-01-17', 'Raul Cano', 'Peluqueros', b'1', 'contado', 0, '0.00'),
(1107, '25.00', '2018-01-18', 'Raul Cano', 'Peluqueros', b'1', 'contado', 0, '0.00'),
(1108, '25.00', '2018-01-18', 'Raul Cano', 'Peluqueros', b'1', 'contado', 0, '0.00'),
(1109, '50.00', '2018-01-18', 'Romina Trujillo', 'Peluqueros', b'1', 'contado', 0, '0.00'),
(1110, '62.50', '2018-01-18', 'Romina Trujillo', 'Peluqueros', b'1', 'contado', 0, '0.00'),
(1111, '50.00', '2018-01-18', 'Raul Cano', 'Peluqueros', b'1', 'contado', 0, '0.00'),
(1112, '50.00', '2018-01-18', 'Jorge Osorio', 'Peluqueros', b'1', 'contado', 0, '0.00'),
(1113, '25.00', '2018-01-19', 'Romina Trujillo', 'Peluqueros', b'1', 'contado', 0, '0.00'),
(1114, '50.00', '2018-01-19', 'Jorge Osorio', 'Peluqueros', b'1', 'contado', 0, '0.00'),
(1115, '50.00', '2018-01-19', 'Raul Cano', 'Peluqueros', b'1', 'contado', 0, '0.00'),
(1116, '75.00', '2018-01-19', 'Jorge Osorio', 'Peluqueros', b'1', 'contado', 0, '0.00'),
(1117, '75.00', '2018-01-19', 'Raul Cano', 'Peluqueros', b'1', 'contado', 0, '0.00'),
(1118, '50.00', '2018-01-19', 'Romina Trujillo', 'Peluqueros', b'1', 'contado', 0, '0.00'),
(1119, '50.00', '2018-01-19', 'Jorge Osorio', 'Peluqueros', b'1', 'contado', 0, '0.00'),
(1120, '62.50', '2018-01-20', 'Jorge Osorio', 'Peluqueros', b'1', 'contado', 0, '0.00'),
(1121, '62.50', '2018-01-20', 'Romina Trujillo', 'Peluqueros', b'1', 'contado', 0, '0.00'),
(1122, '75.00', '2018-01-20', 'Jorge Osorio', 'Peluqueros', b'1', 'contado', 0, '0.00'),
(1123, '50.00', '2018-01-20', 'Raul Cano', 'Peluqueros', b'1', 'contado', 0, '0.00'),
(1124, '50.00', '2018-01-20', 'Romina Trujillo', 'Peluqueros', b'1', 'contado', 0, '0.00'),
(1125, '75.00', '2018-01-20', 'Raul Cano', 'Peluqueros', b'1', 'contado', 0, '0.00'),
(1126, '25.00', '2018-01-20', 'Romina Trujillo', 'Peluqueros', b'1', 'contado', 0, '0.00'),
(1127, '62.50', '2018-01-21', 'Jorge Osorio', 'Peluqueros', b'1', 'contado', 0, '0.00'),
(1128, '62.50', '2018-01-21', 'Raul Cano', 'Peluqueros', b'1', 'contado', 0, '0.00'),
(1129, '75.00', '2018-01-21', 'Romina Trujillo', 'Peluqueros', b'1', 'contado', 0, '0.00'),
(1130, '50.00', '2018-01-21', 'Jorge Osorio', 'Peluqueros', b'1', 'contado', 0, '0.00'),
(1131, '75.00', '2018-01-21', 'Raul Cano', 'Peluqueros', b'1', 'contado', 0, '0.00'),
(1132, '25.00', '2018-01-21', 'Raul Cano', 'Peluqueros', b'1', 'contado', 0, '0.00'),
(1133, '50.00', '2018-01-21', 'Jorge Osorio', 'Peluqueros', b'1', 'contado', 0, '0.00'),
(1134, '25.00', '2018-01-22', 'Raul Cano', 'Peluqueros', b'1', 'contado', 0, '0.00'),
(1135, '25.00', '2018-01-22', 'Romina Trujillo', 'Peluqueros', b'1', 'contado', 0, '0.00'),
(1136, '25.00', '2018-01-22', 'Raul Cano', 'Peluqueros', b'1', 'contado', 0, '0.00'),
(1137, '25.00', '2018-01-22', 'Raul Cano', 'Peluqueros', b'1', 'contado', 0, '0.00'),
(1138, '75.00', '2018-01-22', 'Jorge Osorio', 'Peluqueros', b'1', 'contado', 0, '0.00'),
(1139, '62.50', '2018-01-22', 'Raul Cano', 'Peluqueros', b'1', 'contado', 0, '0.00'),
(1140, '75.00', '2018-01-23', 'Raul Cano', 'Peluqueros', b'1', 'contado', 0, '0.00'),
(1141, '62.50', '2018-01-23', 'Jorge Osorio', 'Peluqueros', b'1', 'contado', 0, '0.00'),
(1142, '25.00', '2018-01-23', 'Raul Cano', 'Peluqueros', b'1', 'contado', 0, '0.00'),
(1143, '75.00', '2018-01-23', 'Romina Trujillo', 'Peluqueros', b'1', 'contado', 0, '0.00'),
(1144, '75.00', '2018-01-23', 'Raul Cano', 'Peluqueros', b'1', 'contado', 0, '0.00'),
(1145, '37.50', '2018-01-24', 'Raul Cano', 'Peluqueros', b'1', 'contado', 0, '0.00'),
(1146, '25.00', '2018-01-24', 'Romina Trujillo', 'Peluqueros', b'1', 'contado', 0, '0.00'),
(1147, '75.00', '2018-01-24', 'Jorge Osorio', 'Peluqueros', b'1', 'contado', 0, '0.00'),
(1148, '50.00', '2018-01-24', 'Jorge Osorio', 'Peluqueros', b'1', 'contado', 0, '0.00'),
(1149, '62.50', '2018-01-24', 'Romina Trujillo', 'Peluqueros', b'1', 'contado', 0, '0.00'),
(1150, '75.00', '2018-01-24', 'Raul Cano', 'Peluqueros', b'1', 'contado', 0, '0.00'),
(1151, '62.50', '2018-01-24', 'Jorge Osorio', 'Peluqueros', b'1', 'contado', 0, '0.00'),
(1152, '75.00', '2018-01-25', 'Jorge Osorio', 'Peluqueros', b'1', 'contado', 0, '0.00'),
(1153, '25.00', '2018-01-25', 'Raul Cano', 'Peluqueros', b'1', 'contado', 0, '0.00'),
(1154, '62.50', '2018-01-25', 'Jorge Osorio', 'Peluqueros', b'1', 'contado', 0, '0.00'),
(1155, '50.00', '2018-01-25', 'Jorge Osorio', 'Peluqueros', b'1', 'contado', 0, '0.00'),
(1156, '75.00', '2018-01-25', 'Jorge Osorio', 'Peluqueros', b'1', 'contado', 0, '0.00'),
(1157, '25.00', '2018-01-25', 'Raul Cano', 'Peluqueros', b'1', 'contado', 0, '0.00'),
(1158, '50.00', '2018-01-25', 'Jorge Osorio', 'Peluqueros', b'1', 'contado', 0, '0.00'),
(1159, '37.50', '2018-01-26', 'Romina Trujillo', 'Peluqueros', b'1', 'contado', 0, '0.00'),
(1160, '25.00', '2018-01-26', 'Raul Cano', 'Peluqueros', b'1', 'contado', 0, '0.00'),
(1161, '50.00', '2018-01-26', 'Romina Trujillo', 'Peluqueros', b'1', 'contado', 0, '0.00'),
(1162, '37.50', '2018-01-26', 'Romina Trujillo', 'Peluqueros', b'1', 'contado', 0, '0.00'),
(1163, '62.50', '2018-01-26', 'Raul Cano', 'Peluqueros', b'1', 'contado', 0, '0.00'),
(1164, '62.50', '2018-01-27', 'Jorge Osorio', 'Peluqueros', b'1', 'contado', 0, '0.00'),
(1165, '50.00', '2018-01-27', 'Raul Cano', 'Peluqueros', b'1', 'contado', 0, '0.00'),
(1166, '50.00', '2018-01-27', 'Raul Cano', 'Peluqueros', b'1', 'contado', 0, '0.00'),
(1167, '62.50', '2018-01-27', 'Romina Trujillo', 'Peluqueros', b'1', 'contado', 0, '0.00'),
(1168, '50.00', '2018-01-27', 'Romina Trujillo', 'Peluqueros', b'1', 'contado', 0, '0.00'),
(1169, '50.00', '2018-01-27', 'Raul Cano', 'Peluqueros', b'1', 'contado', 0, '0.00'),
(1170, '50.00', '2018-01-28', 'Jorge Osorio', 'Peluqueros', b'1', 'contado', 0, '0.00'),
(1171, '50.00', '2018-01-28', 'Romina Trujillo', 'Peluqueros', b'1', 'contado', 0, '0.00'),
(1172, '75.00', '2018-01-28', 'Jorge Osorio', 'Peluqueros', b'1', 'contado', 0, '0.00'),
(1173, '50.00', '2018-01-28', 'Romina Trujillo', 'Peluqueros', b'1', 'contado', 0, '0.00'),
(1174, '50.00', '2018-01-28', 'Raul Cano', 'Peluqueros', b'1', 'contado', 0, '0.00'),
(1175, '62.50', '2018-01-28', 'Romina Trujillo', 'Peluqueros', b'1', 'contado', 0, '0.00'),
(1176, '25.00', '2018-01-28', 'Raul Cano', 'Peluqueros', b'1', 'contado', 0, '0.00'),
(1177, '50.00', '2018-01-29', 'Raul Cano', 'Peluqueros', b'1', 'contado', 0, '0.00'),
(1178, '25.00', '2018-01-29', 'Raul Cano', 'Peluqueros', b'1', 'contado', 0, '0.00'),
(1179, '25.00', '2018-01-29', 'Romina Trujillo', 'Peluqueros', b'1', 'contado', 0, '0.00'),
(1180, '62.50', '2018-01-29', 'Romina Trujillo', 'Peluqueros', b'1', 'contado', 0, '0.00'),
(1181, '62.50', '2018-01-29', 'Jorge Osorio', 'Peluqueros', b'1', 'contado', 0, '0.00'),
(1182, '75.00', '2018-01-29', 'Raul Cano', 'Peluqueros', b'1', 'contado', 0, '0.00'),
(1183, '50.00', '2018-01-30', 'Raul Cano', 'Peluqueros', b'1', 'contado', 0, '0.00'),
(1184, '50.00', '2018-01-30', 'Raul Cano', 'Peluqueros', b'1', 'contado', 0, '0.00'),
(1185, '37.50', '2018-01-30', 'Raul Cano', 'Peluqueros', b'1', 'contado', 0, '0.00'),
(1186, '50.00', '2018-01-30', 'Romina Trujillo', 'Peluqueros', b'1', 'contado', 0, '0.00'),
(1187, '62.50', '2018-01-30', 'Jorge Osorio', 'Peluqueros', b'1', 'contado', 0, '0.00'),
(1188, '75.00', '2018-01-30', 'Romina Trujillo', 'Peluqueros', b'1', 'contado', 0, '0.00'),
(1189, '62.50', '2018-01-31', 'Romina Trujillo', 'Peluqueros', b'1', 'contado', 0, '0.00'),
(1190, '25.00', '2018-01-31', 'Raul Cano', 'Peluqueros', b'1', 'contado', 0, '0.00'),
(1191, '62.50', '2018-01-31', 'Romina Trujillo', 'Peluqueros', b'1', 'contado', 0, '0.00'),
(1192, '75.00', '2018-01-31', 'Raul Cano', 'Peluqueros', b'1', 'contado', 0, '0.00'),
(1193, '25.00', '2018-01-31', 'Raul Cano', 'Peluqueros', b'1', 'contado', 0, '0.00'),
(1194, '50.00', '2018-01-31', 'Romina Trujillo', 'Peluqueros', b'1', 'contado', 0, '0.00'),
(1195, '37.50', '2018-02-01', 'Raul Cano', 'Peluqueros', b'1', 'contado', 0, '0.00'),
(1196, '25.00', '2018-02-01', 'Romina Trujillo', 'Peluqueros', b'1', 'contado', 0, '0.00'),
(1197, '75.00', '2018-02-01', 'Jorge Osorio', 'Peluqueros', b'1', 'contado', 0, '0.00'),
(1198, '75.00', '2018-02-01', 'Romina Trujillo', 'Peluqueros', b'1', 'contado', 0, '0.00'),
(1199, '25.00', '2018-02-01', 'Romina Trujillo', 'Peluqueros', b'1', 'contado', 0, '0.00'),
(1200, '25.00', '2018-02-01', 'Jorge Osorio', 'Peluqueros', b'1', 'contado', 0, '0.00'),
(1201, '62.50', '2018-02-02', 'Romina Trujillo', 'Peluqueros', b'1', 'contado', 0, '0.00'),
(1202, '50.00', '2018-02-02', 'Romina Trujillo', 'Peluqueros', b'1', 'contado', 0, '0.00'),
(1203, '50.00', '2018-02-02', 'Raul Cano', 'Peluqueros', b'1', 'contado', 0, '0.00'),
(1204, '75.00', '2018-02-02', 'Romina Trujillo', 'Peluqueros', b'1', 'contado', 0, '0.00'),
(1205, '25.00', '2018-02-02', 'Jorge Osorio', 'Peluqueros', b'1', 'contado', 0, '0.00'),
(1206, '75.00', '2018-02-02', 'Romina Trujillo', 'Peluqueros', b'1', 'contado', 0, '0.00'),
(1207, '37.50', '2018-02-03', 'Raul Cano', 'Peluqueros', b'1', 'contado', 0, '0.00'),
(1208, '75.00', '2018-02-03', 'Jorge Osorio', 'Peluqueros', b'1', 'contado', 0, '0.00'),
(1209, '50.00', '2018-02-03', 'Romina Trujillo', 'Peluqueros', b'1', 'contado', 0, '0.00'),
(1210, '62.50', '2018-02-03', 'Raul Cano', 'Peluqueros', b'1', 'contado', 0, '0.00'),
(1211, '62.50', '2018-02-03', 'Jorge Osorio', 'Peluqueros', b'1', 'contado', 0, '0.00'),
(1212, '37.50', '2018-02-03', 'Jorge Osorio', 'Peluqueros', b'1', 'contado', 0, '0.00'),
(1213, '37.50', '2018-02-04', 'Raul Cano', 'Peluqueros', b'1', 'contado', 0, '0.00'),
(1214, '37.50', '2018-02-04', 'Jorge Osorio', 'Peluqueros', b'1', 'contado', 0, '0.00'),
(1215, '50.00', '2018-02-04', 'Raul Cano', 'Peluqueros', b'1', 'contado', 0, '0.00'),
(1216, '75.00', '2018-02-04', 'Jorge Osorio', 'Peluqueros', b'1', 'contado', 0, '0.00'),
(1217, '75.00', '2018-02-04', 'Romina Trujillo', 'Peluqueros', b'1', 'contado', 0, '0.00'),
(1218, '50.00', '2018-02-04', 'Raul Cano', 'Peluqueros', b'1', 'contado', 0, '0.00'),
(1219, '37.50', '2018-02-05', 'Romina Trujillo', 'Peluqueros', b'1', 'contado', 0, '0.00'),
(1220, '62.50', '2018-02-05', 'Jorge Osorio', 'Peluqueros', b'1', 'contado', 0, '0.00'),
(1221, '50.00', '2018-02-05', 'Romina Trujillo', 'Peluqueros', b'1', 'contado', 0, '0.00'),
(1222, '37.50', '2018-02-05', 'Romina Trujillo', 'Peluqueros', b'1', 'contado', 0, '0.00'),
(1223, '62.50', '2018-02-05', 'Raul Cano', 'Peluqueros', b'1', 'contado', 0, '0.00'),
(1224, '37.50', '2018-02-05', 'Romina Trujillo', 'Peluqueros', b'1', 'contado', 0, '0.00'),
(1225, '50.00', '2018-02-05', 'Romina Trujillo', 'Peluqueros', b'1', 'contado', 0, '0.00'),
(1226, '37.50', '2018-02-06', 'Raul Cano', 'Peluqueros', b'1', 'contado', 0, '0.00'),
(1227, '62.50', '2018-02-06', 'Raul Cano', 'Peluqueros', b'1', 'contado', 0, '0.00'),
(1228, '50.00', '2018-02-06', 'Romina Trujillo', 'Peluqueros', b'1', 'contado', 0, '0.00'),
(1229, '75.00', '2018-02-06', 'Jorge Osorio', 'Peluqueros', b'1', 'contado', 0, '0.00'),
(1230, '50.00', '2018-02-06', 'Romina Trujillo', 'Peluqueros', b'1', 'contado', 0, '0.00'),
(1231, '50.00', '2018-02-07', 'Romina Trujillo', 'Peluqueros', b'1', 'contado', 0, '0.00'),
(1232, '62.50', '2018-02-07', 'Raul Cano', 'Peluqueros', b'1', 'contado', 0, '0.00'),
(1233, '62.50', '2018-02-07', 'Raul Cano', 'Peluqueros', b'1', 'contado', 0, '0.00'),
(1234, '50.00', '2018-02-07', 'Raul Cano', 'Peluqueros', b'1', 'contado', 0, '0.00'),
(1235, '62.50', '2018-02-07', 'Raul Cano', 'Peluqueros', b'1', 'contado', 0, '0.00'),
(1236, '62.50', '2018-02-08', 'Romina Trujillo', 'Peluqueros', b'1', 'contado', 0, '0.00'),
(1237, '62.50', '2018-02-08', 'Jorge Osorio', 'Peluqueros', b'1', 'contado', 0, '0.00'),
(1238, '75.00', '2018-02-08', 'Romina Trujillo', 'Peluqueros', b'1', 'contado', 0, '0.00'),
(1239, '62.50', '2018-02-08', 'Romina Trujillo', 'Peluqueros', b'1', 'contado', 0, '0.00'),
(1240, '50.00', '2018-02-08', 'Romina Trujillo', 'Peluqueros', b'1', 'contado', 0, '0.00'),
(1241, '62.50', '2018-02-08', 'Raul Cano', 'Peluqueros', b'1', 'contado', 0, '0.00'),
(1242, '37.50', '2018-02-09', 'Raul Cano', 'Peluqueros', b'1', 'contado', 0, '0.00'),
(1243, '75.00', '2018-02-09', 'Jorge Osorio', 'Peluqueros', b'1', 'contado', 0, '0.00'),
(1244, '37.50', '2018-02-09', 'Romina Trujillo', 'Peluqueros', b'1', 'contado', 0, '0.00'),
(1245, '50.00', '2018-02-09', 'Jorge Osorio', 'Peluqueros', b'1', 'contado', 0, '0.00'),
(1246, '75.00', '2018-02-09', 'Jorge Osorio', 'Peluqueros', b'1', 'contado', 0, '0.00'),
(1247, '75.00', '2018-02-09', 'Raul Cano', 'Peluqueros', b'1', 'contado', 0, '0.00'),
(1248, '75.00', '2018-02-09', 'Jorge Osorio', 'Peluqueros', b'1', 'contado', 0, '0.00'),
(1249, '50.00', '2018-02-10', 'Romina Trujillo', 'Peluqueros', b'1', 'contado', 0, '0.00'),
(1250, '50.00', '2018-02-10', 'Jorge Osorio', 'Peluqueros', b'1', 'contado', 0, '0.00'),
(1251, '50.00', '2018-02-10', 'Romina Trujillo', 'Peluqueros', b'1', 'contado', 0, '0.00'),
(1252, '75.00', '2018-02-10', 'Jorge Osorio', 'Peluqueros', b'1', 'contado', 0, '0.00'),
(1253, '37.50', '2018-02-10', 'Romina Trujillo', 'Peluqueros', b'1', 'contado', 0, '0.00'),
(1254, '62.50', '2018-02-10', 'Romina Trujillo', 'Peluqueros', b'1', 'contado', 0, '0.00'),
(1255, '50.00', '2018-02-11', 'Jorge Osorio', 'Peluqueros', b'1', 'contado', 0, '0.00'),
(1256, '62.50', '2018-02-11', 'Romina Trujillo', 'Peluqueros', b'1', 'contado', 0, '0.00'),
(1257, '75.00', '2018-02-11', 'Raul Cano', 'Peluqueros', b'1', 'contado', 0, '0.00'),
(1258, '25.00', '2018-02-11', 'Jorge Osorio', 'Peluqueros', b'1', 'contado', 0, '0.00'),
(1259, '75.00', '2018-02-11', 'Romina Trujillo', 'Peluqueros', b'1', 'contado', 0, '0.00'),
(1260, '25.00', '2018-02-11', 'Jorge Osorio', 'Peluqueros', b'1', 'contado', 0, '0.00'),
(1261, '62.50', '2018-02-12', 'Raul Cano', 'Peluqueros', b'1', 'contado', 0, '0.00'),
(1262, '50.00', '2018-02-12', 'Raul Cano', 'Peluqueros', b'1', 'contado', 0, '0.00'),
(1263, '62.50', '2018-02-12', 'Raul Cano', 'Peluqueros', b'1', 'contado', 0, '0.00'),
(1264, '50.00', '2018-02-12', 'Raul Cano', 'Peluqueros', b'1', 'contado', 0, '0.00'),
(1265, '50.00', '2018-02-12', 'Jorge Osorio', 'Peluqueros', b'1', 'contado', 0, '0.00'),
(1266, '50.00', '2018-02-12', 'Raul Cano', 'Peluqueros', b'1', 'contado', 0, '0.00'),
(1267, '50.00', '2018-02-13', 'Romina Trujillo', 'Peluqueros', b'1', 'contado', 0, '0.00'),
(1268, '37.50', '2018-02-13', 'Raul Cano', 'Peluqueros', b'1', 'contado', 0, '0.00'),
(1269, '62.50', '2018-02-13', 'Romina Trujillo', 'Peluqueros', b'1', 'contado', 0, '0.00'),
(1270, '75.00', '2018-02-13', 'Romina Trujillo', 'Peluqueros', b'1', 'contado', 0, '0.00'),
(1271, '50.00', '2018-02-13', 'Romina Trujillo', 'Peluqueros', b'1', 'contado', 0, '0.00'),
(1272, '50.00', '2018-02-13', 'Romina Trujillo', 'Peluqueros', b'1', 'contado', 0, '0.00'),
(1273, '62.50', '2018-02-14', 'Raul Cano', 'Peluqueros', b'1', 'contado', 0, '0.00'),
(1274, '50.00', '2018-02-14', 'Romina Trujillo', 'Peluqueros', b'1', 'contado', 0, '0.00'),
(1275, '50.00', '2018-02-14', 'Romina Trujillo', 'Peluqueros', b'1', 'contado', 0, '0.00'),
(1276, '62.50', '2018-02-14', 'Jorge Osorio', 'Peluqueros', b'1', 'contado', 0, '0.00'),
(1277, '37.50', '2018-02-14', 'Romina Trujillo', 'Peluqueros', b'1', 'contado', 0, '0.00'),
(1278, '50.00', '2018-02-14', 'Jorge Osorio', 'Peluqueros', b'1', 'contado', 0, '0.00'),
(1279, '25.00', '2018-02-15', 'Jorge Osorio', 'Peluqueros', b'1', 'contado', 0, '0.00'),
(1280, '25.00', '2018-02-15', 'Raul Cano', 'Peluqueros', b'1', 'contado', 0, '0.00'),
(1281, '50.00', '2018-02-15', 'Jorge Osorio', 'Peluqueros', b'1', 'contado', 0, '0.00'),
(1282, '50.00', '2018-02-15', 'Jorge Osorio', 'Peluqueros', b'1', 'contado', 0, '0.00'),
(1283, '25.00', '2018-02-15', 'Romina Trujillo', 'Peluqueros', b'1', 'contado', 0, '0.00'),
(1284, '75.00', '2018-02-15', 'Romina Trujillo', 'Peluqueros', b'1', 'contado', 0, '0.00'),
(1285, '50.00', '2018-02-16', 'Raul Cano', 'Peluqueros', b'1', 'contado', 0, '0.00'),
(1286, '37.50', '2018-02-16', 'Romina Trujillo', 'Peluqueros', b'1', 'contado', 0, '0.00'),
(1287, '25.00', '2018-02-16', 'Raul Cano', 'Peluqueros', b'1', 'contado', 0, '0.00'),
(1288, '75.00', '2018-02-16', 'Raul Cano', 'Peluqueros', b'1', 'contado', 0, '0.00'),
(1289, '62.50', '2018-02-16', 'Jorge Osorio', 'Peluqueros', b'1', 'contado', 0, '0.00'),
(1290, '62.50', '2018-02-16', 'Jorge Osorio', 'Peluqueros', b'1', 'contado', 0, '0.00'),
(1291, '75.00', '2018-02-17', 'Romina Trujillo', 'Peluqueros', b'1', 'contado', 0, '0.00'),
(1292, '50.00', '2018-02-17', 'Romina Trujillo', 'Peluqueros', b'1', 'contado', 0, '0.00'),
(1293, '25.00', '2018-02-17', 'Raul Cano', 'Peluqueros', b'1', 'contado', 0, '0.00'),
(1294, '50.00', '2018-02-17', 'Romina Trujillo', 'Peluqueros', b'1', 'contado', 0, '0.00'),
(1295, '50.00', '2018-02-17', 'Romina Trujillo', 'Peluqueros', b'1', 'contado', 0, '0.00'),
(1296, '75.00', '2018-02-18', 'Raul Cano', 'Peluqueros', b'1', 'contado', 0, '0.00'),
(1297, '62.50', '2018-02-18', 'Raul Cano', 'Peluqueros', b'1', 'contado', 0, '0.00'),
(1298, '50.00', '2018-02-18', 'Raul Cano', 'Peluqueros', b'1', 'contado', 0, '0.00'),
(1299, '62.50', '2018-02-18', 'Romina Trujillo', 'Peluqueros', b'1', 'contado', 0, '0.00'),
(1300, '50.00', '2018-02-18', 'Romina Trujillo', 'Peluqueros', b'1', 'contado', 0, '0.00'),
(1301, '25.00', '2018-02-18', 'Romina Trujillo', 'Peluqueros', b'1', 'contado', 0, '0.00'),
(1302, '62.50', '2018-02-19', 'Romina Trujillo', 'Peluqueros', b'1', 'contado', 0, '0.00'),
(1303, '75.00', '2018-02-19', 'Raul Cano', 'Peluqueros', b'1', 'contado', 0, '0.00'),
(1304, '25.00', '2018-02-19', 'Romina Trujillo', 'Peluqueros', b'1', 'contado', 0, '0.00'),
(1305, '50.00', '2018-02-19', 'Raul Cano', 'Peluqueros', b'1', 'contado', 0, '0.00'),
(1306, '62.50', '2018-02-19', 'Romina Trujillo', 'Peluqueros', b'1', 'contado', 0, '0.00'),
(1307, '50.00', '2018-02-19', 'Romina Trujillo', 'Peluqueros', b'1', 'contado', 0, '0.00'),
(1308, '62.50', '2018-02-20', 'Romina Trujillo', 'Peluqueros', b'1', 'contado', 0, '0.00'),
(1309, '25.00', '2018-02-20', 'Jorge Osorio', 'Peluqueros', b'1', 'contado', 0, '0.00'),
(1310, '75.00', '2018-02-20', 'Raul Cano', 'Peluqueros', b'1', 'contado', 0, '0.00'),
(1311, '75.00', '2018-02-20', 'Raul Cano', 'Peluqueros', b'1', 'contado', 0, '0.00'),
(1312, '50.00', '2018-02-20', 'Jorge Osorio', 'Peluqueros', b'1', 'contado', 0, '0.00'),
(1313, '50.00', '2018-02-20', 'Romina Trujillo', 'Peluqueros', b'1', 'contado', 0, '0.00'),
(1314, '75.00', '2018-02-21', 'Raul Cano', 'Peluqueros', b'1', 'contado', 0, '0.00'),
(1315, '50.00', '2018-02-21', 'Raul Cano', 'Peluqueros', b'1', 'contado', 0, '0.00'),
(1316, '75.00', '2018-02-21', 'Jorge Osorio', 'Peluqueros', b'1', 'contado', 0, '0.00'),
(1317, '75.00', '2018-02-21', 'Raul Cano', 'Peluqueros', b'1', 'contado', 0, '0.00'),
(1318, '62.50', '2018-02-21', 'Raul Cano', 'Peluqueros', b'1', 'contado', 0, '0.00'),
(1319, '50.00', '2018-02-22', 'Raul Cano', 'Peluqueros', b'1', 'contado', 0, '0.00'),
(1320, '75.00', '2018-02-22', 'Romina Trujillo', 'Peluqueros', b'1', 'contado', 0, '0.00'),
(1321, '50.00', '2018-02-22', 'Raul Cano', 'Peluqueros', b'1', 'contado', 0, '0.00'),
(1322, '50.00', '2018-02-22', 'Romina Trujillo', 'Peluqueros', b'1', 'contado', 0, '0.00'),
(1323, '37.50', '2018-02-22', 'Raul Cano', 'Peluqueros', b'1', 'contado', 0, '0.00'),
(1324, '75.00', '2018-02-22', 'Jorge Osorio', 'Peluqueros', b'1', 'contado', 0, '0.00'),
(1325, '50.00', '2018-02-23', 'Romina Trujillo', 'Peluqueros', b'1', 'contado', 0, '0.00'),
(1326, '50.00', '2018-02-23', 'Romina Trujillo', 'Peluqueros', b'1', 'contado', 0, '0.00'),
(1327, '50.00', '2018-02-23', 'Jorge Osorio', 'Peluqueros', b'1', 'contado', 0, '0.00'),
(1328, '50.00', '2018-02-23', 'Raul Cano', 'Peluqueros', b'1', 'contado', 0, '0.00'),
(1329, '62.50', '2018-02-23', 'Romina Trujillo', 'Peluqueros', b'1', 'contado', 0, '0.00'),
(1330, '25.00', '2018-02-23', 'Romina Trujillo', 'Peluqueros', b'1', 'contado', 0, '0.00'),
(1331, '50.00', '2018-02-23', 'Raul Cano', 'Peluqueros', b'1', 'contado', 0, '0.00'),
(1332, '25.00', '2018-02-24', 'Raul Cano', 'Peluqueros', b'1', 'contado', 0, '0.00'),
(1333, '62.50', '2018-02-24', 'Raul Cano', 'Peluqueros', b'1', 'contado', 0, '0.00'),
(1334, '50.00', '2018-02-24', 'Jorge Osorio', 'Peluqueros', b'1', 'contado', 0, '0.00'),
(1335, '50.00', '2018-02-24', 'Romina Trujillo', 'Peluqueros', b'1', 'contado', 0, '0.00'),
(1336, '50.00', '2018-02-24', 'Raul Cano', 'Peluqueros', b'1', 'contado', 0, '0.00'),
(1337, '50.00', '2018-02-24', 'Raul Cano', 'Peluqueros', b'1', 'contado', 0, '0.00'),
(1338, '75.00', '2018-02-24', 'Raul Cano', 'Peluqueros', b'1', 'contado', 0, '0.00'),
(1339, '50.00', '2018-02-25', 'Raul Cano', 'Peluqueros', b'1', 'contado', 0, '0.00'),
(1340, '62.50', '2018-02-25', 'Romina Trujillo', 'Peluqueros', b'1', 'contado', 0, '0.00'),
(1341, '50.00', '2018-02-25', 'Raul Cano', 'Peluqueros', b'1', 'contado', 0, '0.00'),
(1342, '50.00', '2018-02-25', 'Jorge Osorio', 'Peluqueros', b'1', 'contado', 0, '0.00'),
(1343, '75.00', '2018-02-25', 'Jorge Osorio', 'Peluqueros', b'1', 'contado', 0, '0.00'),
(1344, '37.50', '2018-02-25', 'Jorge Osorio', 'Peluqueros', b'1', 'contado', 0, '0.00'),
(1345, '50.00', '2018-02-25', 'Raul Cano', 'Peluqueros', b'1', 'contado', 0, '0.00'),
(1346, '75.00', '2018-02-26', 'Romina Trujillo', 'Peluqueros', b'1', 'contado', 0, '0.00'),
(1347, '75.00', '2018-02-26', 'Jorge Osorio', 'Peluqueros', b'1', 'contado', 0, '0.00'),
(1348, '50.00', '2018-02-26', 'Jorge Osorio', 'Peluqueros', b'1', 'contado', 0, '0.00'),
(1349, '62.50', '2018-02-26', 'Romina Trujillo', 'Peluqueros', b'1', 'contado', 0, '0.00'),
(1350, '62.50', '2018-02-26', 'Romina Trujillo', 'Peluqueros', b'1', 'contado', 0, '0.00'),
(1351, '75.00', '2018-02-26', 'Raul Cano', 'Peluqueros', b'1', 'contado', 0, '0.00'),
(1352, '50.00', '2018-02-27', 'Romina Trujillo', 'Peluqueros', b'1', 'contado', 0, '0.00'),
(1353, '62.50', '2018-02-27', 'Jorge Osorio', 'Peluqueros', b'1', 'contado', 0, '0.00'),
(1354, '75.00', '2018-02-27', 'Romina Trujillo', 'Peluqueros', b'1', 'contado', 0, '0.00'),
(1355, '25.00', '2018-02-27', 'Raul Cano', 'Peluqueros', b'1', 'contado', 0, '0.00'),
(1356, '50.00', '2018-02-27', 'Raul Cano', 'Peluqueros', b'1', 'contado', 0, '0.00'),
(1357, '62.50', '2018-02-27', 'Raul Cano', 'Peluqueros', b'1', 'contado', 0, '0.00'),
(1358, '50.00', '2018-02-28', 'Jorge Osorio', 'Peluqueros', b'1', 'contado', 0, '0.00'),
(1359, '62.50', '2018-02-28', 'Raul Cano', 'Peluqueros', b'1', 'contado', 0, '0.00'),
(1360, '62.50', '2018-02-28', 'Jorge Osorio', 'Peluqueros', b'1', 'contado', 0, '0.00'),
(1361, '50.00', '2018-02-28', 'Raul Cano', 'Peluqueros', b'1', 'contado', 0, '0.00'),
(1362, '75.00', '2018-02-28', 'Raul Cano', 'Peluqueros', b'1', 'contado', 0, '0.00'),
(1363, '25.00', '2018-02-28', 'Romina Trujillo', 'Peluqueros', b'1', 'contado', 0, '0.00'),
(1364, '75.00', '2018-03-01', 'Romina Trujillo', 'Peluqueros', b'1', 'contado', 0, '0.00'),
(1365, '25.00', '2018-03-01', 'Romina Trujillo', 'Peluqueros', b'1', 'contado', 0, '0.00'),
(1366, '50.00', '2018-03-01', 'Raul Cano', 'Peluqueros', b'1', 'contado', 0, '0.00'),
(1367, '37.50', '2018-03-01', 'Raul Cano', 'Peluqueros', b'1', 'contado', 0, '0.00'),
(1368, '25.00', '2018-03-01', 'Romina Trujillo', 'Peluqueros', b'1', 'contado', 0, '0.00'),
(1369, '50.00', '2018-03-02', 'Raul Cano', 'Peluqueros', b'1', 'contado', 0, '0.00'),
(1370, '50.00', '2018-03-02', 'Romina Trujillo', 'Peluqueros', b'1', 'contado', 0, '0.00'),
(1371, '50.00', '2018-03-02', 'Jorge Osorio', 'Peluqueros', b'1', 'contado', 0, '0.00'),
(1372, '50.00', '2018-03-02', 'Romina Trujillo', 'Peluqueros', b'1', 'contado', 0, '0.00'),
(1373, '25.00', '2018-03-02', 'Jorge Osorio', 'Peluqueros', b'1', 'contado', 0, '0.00'),
(1374, '50.00', '2018-03-03', 'Romina Trujillo', 'Peluqueros', b'1', 'contado', 0, '0.00'),
(1375, '50.00', '2018-03-03', 'Jorge Osorio', 'Peluqueros', b'1', 'contado', 0, '0.00'),
(1376, '50.00', '2018-03-03', 'Jorge Osorio', 'Peluqueros', b'1', 'contado', 0, '0.00'),
(1377, '50.00', '2018-03-03', 'Raul Cano', 'Peluqueros', b'1', 'contado', 0, '0.00'),
(1378, '62.50', '2018-03-03', 'Jorge Osorio', 'Peluqueros', b'1', 'contado', 0, '0.00'),
(1379, '50.00', '2018-03-03', 'Romina Trujillo', 'Peluqueros', b'1', 'contado', 0, '0.00'),
(1380, '62.50', '2018-03-04', 'Raul Cano', 'Peluqueros', b'1', 'contado', 0, '0.00'),
(1381, '75.00', '2018-03-04', 'Romina Trujillo', 'Peluqueros', b'1', 'contado', 0, '0.00'),
(1382, '50.00', '2018-03-04', 'Jorge Osorio', 'Peluqueros', b'1', 'contado', 0, '0.00'),
(1383, '75.00', '2018-03-04', 'Romina Trujillo', 'Peluqueros', b'1', 'contado', 0, '0.00'),
(1384, '50.00', '2018-03-04', 'Raul Cano', 'Peluqueros', b'1', 'contado', 0, '0.00'),
(1385, '25.00', '2018-03-04', 'Romina Trujillo', 'Peluqueros', b'1', 'contado', 0, '0.00'),
(1386, '25.00', '2018-03-04', 'Raul Cano', 'Peluqueros', b'1', 'contado', 0, '0.00'),
(1387, '25.00', '2018-03-05', 'Romina Trujillo', 'Peluqueros', b'1', 'contado', 0, '0.00'),
(1388, '50.00', '2018-03-05', 'Romina Trujillo', 'Peluqueros', b'1', 'contado', 0, '0.00'),
(1389, '50.00', '2018-03-05', 'Romina Trujillo', 'Peluqueros', b'1', 'contado', 0, '0.00'),
(1390, '62.50', '2018-03-05', 'Jorge Osorio', 'Peluqueros', b'1', 'contado', 0, '0.00'),
(1391, '50.00', '2018-03-05', 'Jorge Osorio', 'Peluqueros', b'1', 'contado', 0, '0.00'),
(1392, '50.00', '2018-03-05', 'Jorge Osorio', 'Peluqueros', b'1', 'contado', 0, '0.00'),
(1393, '62.50', '2018-03-06', 'Jorge Osorio', 'Peluqueros', b'1', 'contado', 0, '0.00'),
(1394, '50.00', '2018-03-06', 'Jorge Osorio', 'Peluqueros', b'1', 'contado', 0, '0.00'),
(1395, '25.00', '2018-03-06', 'Romina Trujillo', 'Peluqueros', b'1', 'contado', 0, '0.00'),
(1396, '75.00', '2018-03-06', 'Romina Trujillo', 'Peluqueros', b'1', 'contado', 0, '0.00'),
(1397, '62.50', '2018-03-06', 'Romina Trujillo', 'Peluqueros', b'1', 'contado', 0, '0.00'),
(1398, '50.00', '2018-03-07', 'Romina Trujillo', 'Peluqueros', b'1', 'contado', 0, '0.00'),
(1399, '75.00', '2018-03-07', 'Raul Cano', 'Peluqueros', b'1', 'contado', 0, '0.00'),
(1400, '50.00', '2018-03-07', 'Jorge Osorio', 'Peluqueros', b'1', 'contado', 0, '0.00'),
(1401, '25.00', '2018-03-07', 'Romina Trujillo', 'Peluqueros', b'1', 'contado', 0, '0.00'),
(1402, '50.00', '2018-03-07', 'Jorge Osorio', 'Peluqueros', b'1', 'contado', 0, '0.00'),
(1403, '62.50', '2018-03-08', 'Jorge Osorio', 'Peluqueros', b'1', 'contado', 0, '0.00'),
(1404, '62.50', '2018-03-08', 'Jorge Osorio', 'Peluqueros', b'1', 'contado', 0, '0.00'),
(1405, '50.00', '2018-03-08', 'Jorge Osorio', 'Peluqueros', b'1', 'contado', 0, '0.00'),
(1406, '75.00', '2018-03-08', 'Romina Trujillo', 'Peluqueros', b'1', 'contado', 0, '0.00'),
(1407, '50.00', '2018-03-08', 'Romina Trujillo', 'Peluqueros', b'1', 'contado', 0, '0.00'),
(1408, '50.00', '2018-03-08', 'Jorge Osorio', 'Peluqueros', b'1', 'contado', 0, '0.00'),
(1409, '62.50', '2018-03-09', 'Jorge Osorio', 'Peluqueros', b'1', 'contado', 0, '0.00'),
(1410, '50.00', '2018-03-09', 'Jorge Osorio', 'Peluqueros', b'1', 'contado', 0, '0.00'),
(1411, '37.50', '2018-03-09', 'Jorge Osorio', 'Peluqueros', b'1', 'contado', 0, '0.00'),
(1412, '50.00', '2018-03-09', 'Romina Trujillo', 'Peluqueros', b'1', 'contado', 0, '0.00'),
(1413, '50.00', '2018-03-09', 'Raul Cano', 'Peluqueros', b'1', 'contado', 0, '0.00'),
(1414, '75.00', '2018-03-09', 'Romina Trujillo', 'Peluqueros', b'1', 'contado', 0, '0.00'),
(1415, '50.00', '2018-03-10', 'Raul Cano', 'Peluqueros', b'1', 'contado', 0, '0.00'),
(1416, '25.00', '2018-03-10', 'Jorge Osorio', 'Peluqueros', b'1', 'contado', 0, '0.00'),
(1417, '62.50', '2018-03-10', 'Romina Trujillo', 'Peluqueros', b'1', 'contado', 0, '0.00'),
(1418, '62.50', '2018-03-10', 'Romina Trujillo', 'Peluqueros', b'1', 'contado', 0, '0.00'),
(1419, '25.00', '2018-03-10', 'Romina Trujillo', 'Peluqueros', b'1', 'contado', 0, '0.00'),
(1420, '50.00', '2018-03-11', 'Jorge Osorio', 'Peluqueros', b'1', 'contado', 0, '0.00'),
(1421, '37.50', '2018-03-11', 'Romina Trujillo', 'Peluqueros', b'1', 'contado', 0, '0.00'),
(1422, '50.00', '2018-03-11', 'Romina Trujillo', 'Peluqueros', b'1', 'contado', 0, '0.00'),
(1423, '75.00', '2018-03-11', 'Raul Cano', 'Peluqueros', b'1', 'contado', 0, '0.00'),
(1424, '37.50', '2018-03-11', 'Jorge Osorio', 'Peluqueros', b'1', 'contado', 0, '0.00'),
(1425, '75.00', '2018-03-11', 'Jorge Osorio', 'Peluqueros', b'1', 'contado', 0, '0.00'),
(1426, '37.50', '2018-03-12', 'Jorge Osorio', 'Peluqueros', b'1', 'contado', 0, '0.00'),
(1427, '50.00', '2018-03-12', 'Romina Trujillo', 'Peluqueros', b'1', 'contado', 0, '0.00'),
(1428, '50.00', '2018-03-12', 'Jorge Osorio', 'Peluqueros', b'1', 'contado', 0, '0.00'),
(1429, '50.00', '2018-03-12', 'Romina Trujillo', 'Peluqueros', b'1', 'contado', 0, '0.00'),
(1430, '75.00', '2018-03-12', 'Romina Trujillo', 'Peluqueros', b'1', 'contado', 0, '0.00'),
(1431, '50.00', '2018-03-12', 'Romina Trujillo', 'Peluqueros', b'1', 'contado', 0, '0.00'),
(1432, '50.00', '2018-03-12', 'Romina Trujillo', 'Peluqueros', b'1', 'contado', 0, '0.00'),
(1433, '25.00', '2018-03-13', 'Raul Cano', 'Peluqueros', b'1', 'contado', 0, '0.00'),
(1434, '25.00', '2018-03-13', 'Jorge Osorio', 'Peluqueros', b'1', 'contado', 0, '0.00'),
(1435, '62.50', '2018-03-13', 'Jorge Osorio', 'Peluqueros', b'1', 'contado', 0, '0.00'),
(1436, '50.00', '2018-03-13', 'Raul Cano', 'Peluqueros', b'1', 'contado', 0, '0.00'),
(1437, '50.00', '2018-03-13', 'Jorge Osorio', 'Peluqueros', b'1', 'contado', 0, '0.00'),
(1438, '75.00', '2018-03-13', 'Raul Cano', 'Peluqueros', b'1', 'contado', 0, '0.00'),
(1439, '25.00', '2018-03-14', 'Jorge Osorio', 'Peluqueros', b'1', 'contado', 0, '0.00'),
(1440, '75.00', '2018-03-14', 'Romina Trujillo', 'Peluqueros', b'1', 'contado', 0, '0.00'),
(1441, '50.00', '2018-03-14', 'Romina Trujillo', 'Peluqueros', b'1', 'contado', 0, '0.00'),
(1442, '75.00', '2018-03-14', 'Romina Trujillo', 'Peluqueros', b'1', 'contado', 0, '0.00'),
(1443, '75.00', '2018-03-14', 'Jorge Osorio', 'Peluqueros', b'1', 'contado', 0, '0.00'),
(1444, '50.00', '2018-03-14', 'Romina Trujillo', 'Peluqueros', b'1', 'contado', 0, '0.00'),
(1445, '75.00', '2018-03-15', 'Jorge Osorio', 'Peluqueros', b'1', 'contado', 0, '0.00'),
(1446, '75.00', '2018-03-15', 'Jorge Osorio', 'Peluqueros', b'1', 'contado', 0, '0.00'),
(1447, '37.50', '2018-03-15', 'Romina Trujillo', 'Peluqueros', b'1', 'contado', 0, '0.00'),
(1448, '75.00', '2018-03-15', 'Raul Cano', 'Peluqueros', b'1', 'contado', 0, '0.00'),
(1449, '25.00', '2018-03-15', 'Jorge Osorio', 'Peluqueros', b'1', 'contado', 0, '0.00'),
(1450, '50.00', '2018-03-15', 'Raul Cano', 'Peluqueros', b'1', 'contado', 0, '0.00'),
(1451, '50.00', '2018-03-16', 'Jorge Osorio', 'Peluqueros', b'1', 'contado', 0, '0.00'),
(1452, '37.50', '2018-03-16', 'Raul Cano', 'Peluqueros', b'1', 'contado', 0, '0.00'),
(1453, '62.50', '2018-03-16', 'Raul Cano', 'Peluqueros', b'1', 'contado', 0, '0.00'),
(1454, '62.50', '2018-03-16', 'Jorge Osorio', 'Peluqueros', b'1', 'contado', 0, '0.00'),
(1455, '62.50', '2018-03-16', 'Raul Cano', 'Peluqueros', b'1', 'contado', 0, '0.00'),
(1456, '62.50', '2018-03-16', 'Jorge Osorio', 'Peluqueros', b'1', 'contado', 0, '0.00'),
(1457, '75.00', '2018-03-16', 'Raul Cano', 'Peluqueros', b'1', 'contado', 0, '0.00'),
(1458, '50.00', '2018-03-16', 'Jorge Osorio', 'Peluqueros', b'1', 'contado', 0, '0.00'),
(1459, '25.00', '2018-03-17', 'Jorge Osorio', 'Peluqueros', b'1', 'contado', 0, '0.00'),
(1460, '50.00', '2018-03-17', 'Romina Trujillo', 'Peluqueros', b'1', 'contado', 0, '0.00'),
(1461, '50.00', '2018-03-17', 'Raul Cano', 'Peluqueros', b'1', 'contado', 0, '0.00'),
(1462, '75.00', '2018-03-17', 'Raul Cano', 'Peluqueros', b'1', 'contado', 0, '0.00'),
(1463, '50.00', '2018-03-17', 'Jorge Osorio', 'Peluqueros', b'1', 'contado', 0, '0.00'),
(1464, '50.00', '2018-03-17', 'Jorge Osorio', 'Peluqueros', b'1', 'contado', 0, '0.00'),
(1465, '75.00', '2018-03-17', 'Raul Cano', 'Peluqueros', b'1', 'contado', 0, '0.00'),
(1466, '50.00', '2018-03-18', 'Raul Cano', 'Peluqueros', b'1', 'contado', 0, '0.00'),
(1467, '25.00', '2018-03-18', 'Romina Trujillo', 'Peluqueros', b'1', 'contado', 0, '0.00'),
(1468, '75.00', '2018-03-18', 'Romina Trujillo', 'Peluqueros', b'1', 'contado', 0, '0.00'),
(1469, '50.00', '2018-03-18', 'Jorge Osorio', 'Peluqueros', b'1', 'contado', 0, '0.00'),
(1470, '50.00', '2018-03-18', 'Romina Trujillo', 'Peluqueros', b'1', 'contado', 0, '0.00'),
(1471, '25.00', '2018-03-18', 'Jorge Osorio', 'Peluqueros', b'1', 'contado', 0, '0.00'),
(1472, '37.50', '2018-03-18', 'Jorge Osorio', 'Peluqueros', b'1', 'contado', 0, '0.00'),
(1473, '62.50', '2018-03-19', 'Romina Trujillo', 'Peluqueros', b'1', 'contado', 0, '0.00'),
(1474, '62.50', '2018-03-19', 'Romina Trujillo', 'Peluqueros', b'1', 'contado', 0, '0.00'),
(1475, '50.00', '2018-03-19', 'Romina Trujillo', 'Peluqueros', b'1', 'contado', 0, '0.00'),
(1476, '75.00', '2018-03-19', 'Romina Trujillo', 'Peluqueros', b'1', 'contado', 0, '0.00'),
(1477, '37.50', '2018-03-19', 'Raul Cano', 'Peluqueros', b'1', 'contado', 0, '0.00'),
(1478, '62.50', '2018-03-19', 'Romina Trujillo', 'Peluqueros', b'1', 'contado', 0, '0.00'),
(1479, '75.00', '2018-03-20', 'Raul Cano', 'Peluqueros', b'1', 'contado', 0, '0.00'),
(1480, '50.00', '2018-03-20', 'Raul Cano', 'Peluqueros', b'1', 'contado', 0, '0.00'),
(1481, '50.00', '2018-03-20', 'Raul Cano', 'Peluqueros', b'1', 'contado', 0, '0.00'),
(1482, '75.00', '2018-03-20', 'Romina Trujillo', 'Peluqueros', b'1', 'contado', 0, '0.00'),
(1483, '25.00', '2018-03-20', 'Jorge Osorio', 'Peluqueros', b'1', 'contado', 0, '0.00'),
(1484, '25.00', '2018-03-20', 'Raul Cano', 'Peluqueros', b'1', 'contado', 0, '0.00'),
(1485, '75.00', '2018-03-21', 'Raul Cano', 'Peluqueros', b'1', 'contado', 0, '0.00'),
(1486, '37.50', '2018-03-21', 'Raul Cano', 'Peluqueros', b'1', 'contado', 0, '0.00'),
(1487, '25.00', '2018-03-21', 'Raul Cano', 'Peluqueros', b'1', 'contado', 0, '0.00'),
(1488, '50.00', '2018-03-21', 'Romina Trujillo', 'Peluqueros', b'1', 'contado', 0, '0.00'),
(1489, '25.00', '2018-03-21', 'Romina Trujillo', 'Peluqueros', b'1', 'contado', 0, '0.00'),
(1490, '50.00', '2018-03-21', 'Raul Cano', 'Peluqueros', b'1', 'contado', 0, '0.00'),
(1491, '75.00', '2018-03-22', 'Romina Trujillo', 'Peluqueros', b'1', 'contado', 0, '0.00'),
(1492, '50.00', '2018-03-22', 'Raul Cano', 'Peluqueros', b'1', 'contado', 0, '0.00'),
(1493, '25.00', '2018-03-22', 'Romina Trujillo', 'Peluqueros', b'1', 'contado', 0, '0.00'),
(1494, '62.50', '2018-03-22', 'Raul Cano', 'Peluqueros', b'1', 'contado', 0, '0.00'),
(1495, '50.00', '2018-03-23', 'Romina Trujillo', 'Peluqueros', b'1', 'contado', 0, '0.00'),
(1496, '25.00', '2018-03-23', 'Jorge Osorio', 'Peluqueros', b'1', 'contado', 0, '0.00'),
(1497, '25.00', '2018-03-23', 'Romina Trujillo', 'Peluqueros', b'1', 'contado', 0, '0.00'),
(1498, '50.00', '2018-03-23', 'Romina Trujillo', 'Peluqueros', b'1', 'contado', 0, '0.00'),
(1499, '50.00', '2018-03-23', 'Jorge Osorio', 'Peluqueros', b'1', 'contado', 0, '0.00'),
(1500, '62.50', '2018-03-24', 'Romina Trujillo', 'Peluqueros', b'1', 'contado', 0, '0.00'),
(1501, '50.00', '2018-03-24', 'Jorge Osorio', 'Peluqueros', b'1', 'contado', 0, '0.00'),
(1502, '75.00', '2018-03-24', 'Romina Trujillo', 'Peluqueros', b'1', 'contado', 0, '0.00'),
(1503, '62.50', '2018-03-24', 'Romina Trujillo', 'Peluqueros', b'1', 'contado', 0, '0.00'),
(1504, '25.00', '2018-03-24', 'Raul Cano', 'Peluqueros', b'1', 'contado', 0, '0.00'),
(1505, '75.00', '2018-03-24', 'Jorge Osorio', 'Peluqueros', b'1', 'contado', 0, '0.00'),
(1506, '62.50', '2018-03-25', 'Jorge Osorio', 'Peluqueros', b'1', 'contado', 0, '0.00'),
(1507, '25.00', '2018-03-25', 'Raul Cano', 'Peluqueros', b'1', 'contado', 0, '0.00'),
(1508, '75.00', '2018-03-25', 'Romina Trujillo', 'Peluqueros', b'1', 'contado', 0, '0.00'),
(1509, '62.50', '2018-03-25', 'Raul Cano', 'Peluqueros', b'1', 'contado', 0, '0.00'),
(1510, '50.00', '2018-03-25', 'Raul Cano', 'Peluqueros', b'1', 'contado', 0, '0.00'),
(1511, '50.00', '2018-03-25', 'Romina Trujillo', 'Peluqueros', b'1', 'contado', 0, '0.00'),
(1512, '50.00', '2018-03-26', 'Romina Trujillo', 'Peluqueros', b'1', 'contado', 0, '0.00'),
(1513, '62.50', '2018-03-26', 'Jorge Osorio', 'Peluqueros', b'1', 'contado', 0, '0.00'),
(1514, '62.50', '2018-03-26', 'Raul Cano', 'Peluqueros', b'1', 'contado', 0, '0.00'),
(1515, '50.00', '2018-03-26', 'Raul Cano', 'Peluqueros', b'1', 'contado', 0, '0.00'),
(1516, '50.00', '2018-03-26', 'Jorge Osorio', 'Peluqueros', b'1', 'contado', 0, '0.00'),
(1517, '50.00', '2018-03-26', 'Romina Trujillo', 'Peluqueros', b'1', 'contado', 0, '0.00'),
(1518, '50.00', '2018-03-27', 'Raul Cano', 'Peluqueros', b'1', 'contado', 0, '0.00'),
(1519, '62.50', '2018-03-27', 'Jorge Osorio', 'Peluqueros', b'1', 'contado', 0, '0.00'),
(1520, '50.00', '2018-03-27', 'Romina Trujillo', 'Peluqueros', b'1', 'contado', 0, '0.00'),
(1521, '25.00', '2018-03-27', 'Romina Trujillo', 'Peluqueros', b'1', 'contado', 0, '0.00'),
(1522, '50.00', '2018-03-27', 'Jorge Osorio', 'Peluqueros', b'1', 'contado', 0, '0.00'),
(1523, '25.00', '2018-03-28', 'Jorge Osorio', 'Peluqueros', b'1', 'contado', 0, '0.00'),
(1524, '37.50', '2018-03-28', 'Romina Trujillo', 'Peluqueros', b'1', 'contado', 0, '0.00'),
(1525, '62.50', '2018-03-28', 'Raul Cano', 'Peluqueros', b'1', 'contado', 0, '0.00'),
(1526, '50.00', '2018-03-28', 'Raul Cano', 'Peluqueros', b'1', 'contado', 0, '0.00'),
(1527, '25.00', '2018-03-28', 'Romina Trujillo', 'Peluqueros', b'1', 'contado', 0, '0.00'),
(1528, '62.50', '2018-03-29', 'Jorge Osorio', 'Peluqueros', b'1', 'contado', 0, '0.00'),
(1529, '62.50', '2018-03-29', 'Raul Cano', 'Peluqueros', b'1', 'contado', 0, '0.00'),
(1530, '50.00', '2018-03-29', 'Romina Trujillo', 'Peluqueros', b'1', 'contado', 0, '0.00'),
(1531, '75.00', '2018-03-29', 'Jorge Osorio', 'Peluqueros', b'1', 'contado', 0, '0.00'),
(1532, '25.00', '2018-03-29', 'Romina Trujillo', 'Peluqueros', b'1', 'contado', 0, '0.00'),
(1533, '50.00', '2018-03-30', 'Romina Trujillo', 'Peluqueros', b'1', 'contado', 0, '0.00'),
(1534, '50.00', '2018-03-30', 'Jorge Osorio', 'Peluqueros', b'1', 'contado', 0, '0.00'),
(1535, '50.00', '2018-03-30', 'Romina Trujillo', 'Peluqueros', b'1', 'contado', 0, '0.00'),
(1536, '25.00', '2018-03-30', 'Jorge Osorio', 'Peluqueros', b'1', 'contado', 0, '0.00'),
(1537, '75.00', '2018-03-30', 'Raul Cano', 'Peluqueros', b'1', 'contado', 0, '0.00'),
(1538, '75.00', '2018-03-31', 'Raul Cano', 'Peluqueros', b'1', 'contado', 0, '0.00'),
(1539, '25.00', '2018-03-31', 'Romina Trujillo', 'Peluqueros', b'1', 'contado', 0, '0.00'),
(1540, '50.00', '2018-03-31', 'Romina Trujillo', 'Peluqueros', b'1', 'contado', 0, '0.00'),
(1541, '25.00', '2018-03-31', 'Jorge Osorio', 'Peluqueros', b'1', 'contado', 0, '0.00'),
(1542, '62.50', '2018-03-31', 'Romina Trujillo', 'Peluqueros', b'1', 'contado', 0, '0.00'),
(1543, '62.50', '2018-03-31', 'Raul Cano', 'Peluqueros', b'1', 'contado', 0, '0.00'),
(1544, '50.00', '2018-04-01', 'Raul Cano', 'Peluqueros', b'1', 'contado', 0, '0.00'),
(1545, '50.00', '2018-04-01', 'Raul Cano', 'Peluqueros', b'1', 'contado', 0, '0.00'),
(1546, '50.00', '2018-04-01', 'Raul Cano', 'Peluqueros', b'1', 'contado', 0, '0.00'),
(1547, '50.00', '2018-04-01', 'Romina Trujillo', 'Peluqueros', b'1', 'contado', 0, '0.00'),
(1548, '50.00', '2018-04-01', 'Romina Trujillo', 'Peluqueros', b'1', 'contado', 0, '0.00'),
(1549, '75.00', '2018-04-02', 'Raul Cano', 'Peluqueros', b'1', 'contado', 0, '0.00'),
(1550, '50.00', '2018-04-02', 'Jorge Osorio', 'Peluqueros', b'1', 'contado', 0, '0.00'),
(1551, '50.00', '2018-04-02', 'Raul Cano', 'Peluqueros', b'1', 'contado', 0, '0.00'),
(1552, '62.50', '2018-04-02', 'Jorge Osorio', 'Peluqueros', b'1', 'contado', 0, '0.00'),
(1553, '62.50', '2018-04-02', 'Romina Trujillo', 'Peluqueros', b'1', 'contado', 0, '0.00'),
(1554, '62.50', '2018-04-03', 'Romina Trujillo', 'Peluqueros', b'1', 'contado', 0, '0.00'),
(1555, '50.00', '2018-04-03', 'Raul Cano', 'Peluqueros', b'1', 'contado', 0, '0.00'),
(1556, '62.50', '2018-04-03', 'Jorge Osorio', 'Peluqueros', b'1', 'contado', 0, '0.00'),
(1557, '25.00', '2018-04-03', 'Raul Cano', 'Peluqueros', b'1', 'contado', 0, '0.00'),
(1558, '50.00', '2018-04-03', 'Romina Trujillo', 'Peluqueros', b'1', 'contado', 0, '0.00'),
(1559, '75.00', '2018-04-04', 'Romina Trujillo', 'Peluqueros', b'1', 'contado', 0, '0.00'),
(1560, '62.50', '2018-04-04', 'Romina Trujillo', 'Peluqueros', b'1', 'contado', 0, '0.00'),
(1561, '37.50', '2018-04-04', 'Jorge Osorio', 'Peluqueros', b'1', 'contado', 0, '0.00'),
(1562, '62.50', '2018-04-04', 'Romina Trujillo', 'Peluqueros', b'1', 'contado', 0, '0.00'),
(1563, '75.00', '2018-04-04', 'Jorge Osorio', 'Peluqueros', b'1', 'contado', 0, '0.00'),
(1564, '62.50', '2018-04-04', 'Raul Cano', 'Peluqueros', b'1', 'contado', 0, '0.00'),
(1565, '50.00', '2018-04-05', 'Romina Trujillo', 'Peluqueros', b'1', 'contado', 0, '0.00'),
(1566, '50.00', '2018-04-05', 'Jorge Osorio', 'Peluqueros', b'1', 'contado', 0, '0.00'),
(1567, '50.00', '2018-04-05', 'Romina Trujillo', 'Peluqueros', b'1', 'contado', 0, '0.00'),
(1568, '25.00', '2018-04-05', 'Jorge Osorio', 'Peluqueros', b'1', 'contado', 0, '0.00'),
(1569, '75.00', '2018-04-05', 'Romina Trujillo', 'Peluqueros', b'1', 'contado', 0, '0.00'),
(1570, '50.00', '2018-04-06', 'Jorge Osorio', 'Peluqueros', b'1', 'contado', 0, '0.00'),
(1571, '62.50', '2018-04-06', 'Romina Trujillo', 'Peluqueros', b'1', 'contado', 0, '0.00'),
(1572, '62.50', '2018-04-06', 'Jorge Osorio', 'Peluqueros', b'1', 'contado', 0, '0.00'),
(1573, '50.00', '2018-04-06', 'Raul Cano', 'Peluqueros', b'1', 'contado', 0, '0.00'),
(1574, '25.00', '2018-04-06', 'Jorge Osorio', 'Peluqueros', b'1', 'contado', 0, '0.00'),
(1575, '50.00', '2018-04-06', 'Raul Cano', 'Peluqueros', b'1', 'contado', 0, '0.00'),
(1576, '25.00', '2018-04-07', 'Jorge Osorio', 'Peluqueros', b'1', 'contado', 0, '0.00'),
(1577, '25.00', '2018-04-07', 'Jorge Osorio', 'Peluqueros', b'1', 'contado', 0, '0.00'),
(1578, '37.50', '2018-04-07', 'Raul Cano', 'Peluqueros', b'1', 'contado', 0, '0.00'),
(1579, '25.00', '2018-04-07', 'Romina Trujillo', 'Peluqueros', b'1', 'contado', 0, '0.00'),
(1580, '50.00', '2018-04-07', 'Jorge Osorio', 'Peluqueros', b'1', 'contado', 0, '0.00'),
(1581, '75.00', '2018-04-08', 'Raul Cano', 'Peluqueros', b'1', 'contado', 0, '0.00'),
(1582, '50.00', '2018-04-08', 'Jorge Osorio', 'Peluqueros', b'1', 'contado', 0, '0.00'),
(1583, '50.00', '2018-04-08', 'Jorge Osorio', 'Peluqueros', b'1', 'contado', 0, '0.00'),
(1584, '25.00', '2018-04-08', 'Raul Cano', 'Peluqueros', b'1', 'contado', 0, '0.00'),
(1585, '75.00', '2018-04-08', 'Jorge Osorio', 'Peluqueros', b'1', 'contado', 0, '0.00'),
(1586, '62.50', '2018-04-09', 'Raul Cano', 'Peluqueros', b'1', 'contado', 0, '0.00'),
(1587, '50.00', '2018-04-09', 'Raul Cano', 'Peluqueros', b'1', 'contado', 0, '0.00'),
(1588, '37.50', '2018-04-09', 'Romina Trujillo', 'Peluqueros', b'1', 'contado', 0, '0.00'),
(1589, '62.50', '2018-04-09', 'Romina Trujillo', 'Peluqueros', b'1', 'contado', 0, '0.00'),
(1590, '50.00', '2018-04-09', 'Jorge Osorio', 'Peluqueros', b'1', 'contado', 0, '0.00'),
(1591, '50.00', '2018-04-09', 'Romina Trujillo', 'Peluqueros', b'1', 'contado', 0, '0.00'),
(1592, '75.00', '2018-04-10', 'Jorge Osorio', 'Peluqueros', b'1', 'contado', 0, '0.00'),
(1593, '50.00', '2018-04-10', 'Jorge Osorio', 'Peluqueros', b'1', 'contado', 0, '0.00'),
(1594, '25.00', '2018-04-10', 'Raul Cano', 'Peluqueros', b'1', 'contado', 0, '0.00'),
(1595, '62.50', '2018-04-10', 'Raul Cano', 'Peluqueros', b'1', 'contado', 0, '0.00'),
(1596, '37.50', '2018-04-10', 'Raul Cano', 'Peluqueros', b'1', 'contado', 0, '0.00'),
(1597, '50.00', '2018-04-11', 'Raul Cano', 'Peluqueros', b'1', 'contado', 0, '0.00'),
(1598, '50.00', '2018-04-11', 'Raul Cano', 'Peluqueros', b'1', 'contado', 0, '0.00'),
(1599, '50.00', '2018-04-11', 'Jorge Osorio', 'Peluqueros', b'1', 'contado', 0, '0.00'),
(1600, '50.00', '2018-04-11', 'Jorge Osorio', 'Peluqueros', b'1', 'contado', 0, '0.00'),
(1601, '75.00', '2018-04-11', 'Romina Trujillo', 'Peluqueros', b'1', 'contado', 0, '0.00'),
(1602, '62.50', '2018-04-12', 'Raul Cano', 'Peluqueros', b'1', 'contado', 0, '0.00'),
(1603, '37.50', '2018-04-12', 'Raul Cano', 'Peluqueros', b'1', 'contado', 0, '0.00'),
(1604, '50.00', '2018-04-12', 'Romina Trujillo', 'Peluqueros', b'1', 'contado', 0, '0.00'),
(1605, '50.00', '2018-04-12', 'Romina Trujillo', 'Peluqueros', b'1', 'contado', 0, '0.00'),
(1606, '62.50', '2018-04-12', 'Jorge Osorio', 'Peluqueros', b'1', 'contado', 0, '0.00'),
(1607, '50.00', '2018-04-13', 'Raul Cano', 'Peluqueros', b'1', 'contado', 0, '0.00'),
(1608, '75.00', '2018-04-13', 'Jorge Osorio', 'Peluqueros', b'1', 'contado', 0, '0.00'),
(1609, '50.00', '2018-04-13', 'Jorge Osorio', 'Peluqueros', b'1', 'contado', 0, '0.00'),
(1610, '75.00', '2018-04-13', 'Raul Cano', 'Peluqueros', b'1', 'contado', 0, '0.00'),
(1611, '25.00', '2018-04-13', 'Jorge Osorio', 'Peluqueros', b'1', 'contado', 0, '0.00'),
(1612, '62.50', '2018-04-14', 'Raul Cano', 'Peluqueros', b'1', 'contado', 0, '0.00'),
(1613, '50.00', '2018-04-14', 'Romina Trujillo', 'Peluqueros', b'1', 'contado', 0, '0.00'),
(1614, '75.00', '2018-04-14', 'Romina Trujillo', 'Peluqueros', b'1', 'contado', 0, '0.00'),
(1615, '37.50', '2018-04-14', 'Jorge Osorio', 'Peluqueros', b'1', 'contado', 0, '0.00'),
(1616, '75.00', '2018-04-14', 'Raul Cano', 'Peluqueros', b'1', 'contado', 0, '0.00'),
(1617, '50.00', '2018-04-14', 'Raul Cano', 'Peluqueros', b'1', 'contado', 0, '0.00'),
(1618, '25.00', '2018-04-15', 'Jorge Osorio', 'Peluqueros', b'1', 'contado', 0, '0.00'),
(1619, '50.00', '2018-04-15', 'Raul Cano', 'Peluqueros', b'1', 'contado', 0, '0.00'),
(1620, '25.00', '2018-04-15', 'Raul Cano', 'Peluqueros', b'1', 'contado', 0, '0.00'),
(1621, '62.50', '2018-04-15', 'Jorge Osorio', 'Peluqueros', b'1', 'contado', 0, '0.00'),
(1622, '62.50', '2018-04-15', 'Jorge Osorio', 'Peluqueros', b'1', 'contado', 0, '0.00'),
(1623, '50.00', '2018-04-15', 'Raul Cano', 'Peluqueros', b'1', 'contado', 0, '0.00'),
(1624, '37.50', '2018-04-16', 'Romina Trujillo', 'Peluqueros', b'1', 'contado', 0, '0.00'),
(1625, '75.00', '2018-04-16', 'Jorge Osorio', 'Peluqueros', b'1', 'contado', 0, '0.00'),
(1626, '25.00', '2018-04-16', 'Romina Trujillo', 'Peluqueros', b'1', 'contado', 0, '0.00'),
(1627, '25.00', '2018-04-16', 'Raul Cano', 'Peluqueros', b'1', 'contado', 0, '0.00'),
(1628, '50.00', '2018-04-16', 'Romina Trujillo', 'Peluqueros', b'1', 'contado', 0, '0.00'),
(1629, '50.00', '2018-04-17', 'Jorge Osorio', 'Peluqueros', b'1', 'contado', 0, '0.00'),
(1630, '62.50', '2018-04-17', 'Jorge Osorio', 'Peluqueros', b'1', 'contado', 0, '0.00'),
(1631, '25.00', '2018-04-17', 'Romina Trujillo', 'Peluqueros', b'1', 'contado', 0, '0.00'),
(1632, '75.00', '2018-04-17', 'Raul Cano', 'Peluqueros', b'1', 'contado', 0, '0.00'),
(1633, '50.00', '2018-04-17', 'Raul Cano', 'Peluqueros', b'1', 'contado', 0, '0.00'),
(1634, '50.00', '2018-04-17', 'Jorge Osorio', 'Peluqueros', b'1', 'contado', 0, '0.00'),
(1635, '37.50', '2018-04-18', 'Romina Trujillo', 'Peluqueros', b'1', 'contado', 0, '0.00'),
(1636, '62.50', '2018-04-18', 'Raul Cano', 'Peluqueros', b'1', 'contado', 0, '0.00'),
(1637, '50.00', '2018-04-18', 'Raul Cano', 'Peluqueros', b'1', 'contado', 0, '0.00'),
(1638, '25.00', '2018-04-18', 'Raul Cano', 'Peluqueros', b'1', 'contado', 0, '0.00'),
(1639, '25.00', '2018-04-18', 'Romina Trujillo', 'Peluqueros', b'1', 'contado', 0, '0.00'),
(1640, '62.50', '2018-04-19', 'Raul Cano', 'Peluqueros', b'1', 'contado', 0, '0.00'),
(1641, '62.50', '2018-04-19', 'Raul Cano', 'Peluqueros', b'1', 'contado', 0, '0.00'),
(1642, '37.50', '2018-04-19', 'Romina Trujillo', 'Peluqueros', b'1', 'contado', 0, '0.00'),
(1643, '62.50', '2018-04-19', 'Romina Trujillo', 'Peluqueros', b'1', 'contado', 0, '0.00'),
(1644, '50.00', '2018-04-19', 'Jorge Osorio', 'Peluqueros', b'1', 'contado', 0, '0.00'),
(1645, '62.50', '2018-04-20', 'Jorge Osorio', 'Peluqueros', b'1', 'contado', 0, '0.00'),
(1646, '50.00', '2018-04-20', 'Jorge Osorio', 'Peluqueros', b'1', 'contado', 0, '0.00'),
(1647, '50.00', '2018-04-20', 'Raul Cano', 'Peluqueros', b'1', 'contado', 0, '0.00'),
(1648, '50.00', '2018-04-20', 'Romina Trujillo', 'Peluqueros', b'1', 'contado', 0, '0.00'),
(1649, '75.00', '2018-04-20', 'Jorge Osorio', 'Peluqueros', b'1', 'contado', 0, '0.00'),
(1650, '62.50', '2018-04-21', 'Romina Trujillo', 'Peluqueros', b'1', 'contado', 0, '0.00'),
(1651, '37.50', '2018-04-21', 'Jorge Osorio', 'Peluqueros', b'1', 'contado', 0, '0.00'),
(1652, '62.50', '2018-04-21', 'Romina Trujillo', 'Peluqueros', b'1', 'contado', 0, '0.00'),
(1653, '62.50', '2018-04-21', 'Romina Trujillo', 'Peluqueros', b'1', 'contado', 0, '0.00'),
(1654, '50.00', '2018-04-21', 'Raul Cano', 'Peluqueros', b'1', 'contado', 0, '0.00'),
(1655, '50.00', '2018-04-22', 'Romina Trujillo', 'Peluqueros', b'1', 'contado', 0, '0.00'),
(1656, '50.00', '2018-04-22', 'Raul Cano', 'Peluqueros', b'1', 'contado', 0, '0.00'),
(1657, '50.00', '2018-04-22', 'Jorge Osorio', 'Peluqueros', b'1', 'contado', 0, '0.00'),
(1658, '25.00', '2018-04-22', 'Romina Trujillo', 'Peluqueros', b'1', 'contado', 0, '0.00'),
(1659, '50.00', '2018-04-22', 'Raul Cano', 'Peluqueros', b'1', 'contado', 0, '0.00'),
(1660, '25.00', '2018-04-23', 'Jorge Osorio', 'Peluqueros', b'1', 'contado', 0, '0.00'),
(1661, '25.00', '2018-04-23', 'Romina Trujillo', 'Peluqueros', b'1', 'contado', 0, '0.00'),
(1662, '50.00', '2018-04-23', 'Romina Trujillo', 'Peluqueros', b'1', 'contado', 0, '0.00'),
(1663, '37.50', '2018-04-23', 'Raul Cano', 'Peluqueros', b'1', 'contado', 0, '0.00'),
(1664, '50.00', '2018-04-23', 'Romina Trujillo', 'Peluqueros', b'1', 'contado', 0, '0.00'),
(1665, '37.50', '2018-04-24', 'Jorge Osorio', 'Peluqueros', b'1', 'contado', 0, '0.00'),
(1666, '50.00', '2018-04-24', 'Jorge Osorio', 'Peluqueros', b'1', 'contado', 0, '0.00'),
(1667, '75.00', '2018-04-24', 'Raul Cano', 'Peluqueros', b'1', 'contado', 0, '0.00'),
(1668, '75.00', '2018-04-24', 'Jorge Osorio', 'Peluqueros', b'1', 'contado', 0, '0.00'),
(1669, '75.00', '2018-04-24', 'Raul Cano', 'Peluqueros', b'1', 'contado', 0, '0.00'),
(1670, '25.00', '2018-04-25', 'Romina Trujillo', 'Peluqueros', b'1', 'contado', 0, '0.00'),
(1671, '25.00', '2018-04-25', 'Jorge Osorio', 'Peluqueros', b'1', 'contado', 0, '0.00'),
(1672, '75.00', '2018-04-25', 'Romina Trujillo', 'Peluqueros', b'1', 'contado', 0, '0.00'),
(1673, '50.00', '2018-04-25', 'Romina Trujillo', 'Peluqueros', b'1', 'contado', 0, '0.00'),
(1674, '75.00', '2018-04-25', 'Jorge Osorio', 'Peluqueros', b'1', 'contado', 0, '0.00'),
(1675, '62.50', '2018-04-26', 'Jorge Osorio', 'Peluqueros', b'1', 'contado', 0, '0.00'),
(1676, '75.00', '2018-04-26', 'Jorge Osorio', 'Peluqueros', b'1', 'contado', 0, '0.00'),
(1677, '50.00', '2018-04-26', 'Raul Cano', 'Peluqueros', b'1', 'contado', 0, '0.00'),
(1678, '62.50', '2018-04-26', 'Jorge Osorio', 'Peluqueros', b'1', 'contado', 0, '0.00'),
(1679, '62.50', '2018-04-26', 'Romina Trujillo', 'Peluqueros', b'1', 'contado', 0, '0.00'),
(1680, '75.00', '2018-04-27', 'Raul Cano', 'Peluqueros', b'1', 'contado', 0, '0.00'),
(1681, '50.00', '2018-04-27', 'Jorge Osorio', 'Peluqueros', b'1', 'contado', 0, '0.00'),
(1682, '62.50', '2018-04-27', 'Jorge Osorio', 'Peluqueros', b'1', 'contado', 0, '0.00'),
(1683, '25.00', '2018-04-27', 'Romina Trujillo', 'Peluqueros', b'1', 'contado', 0, '0.00'),
(1684, '50.00', '2018-04-27', 'Raul Cano', 'Peluqueros', b'1', 'contado', 0, '0.00'),
(1685, '50.00', '2018-04-28', 'Raul Cano', 'Peluqueros', b'1', 'contado', 0, '0.00'),
(1686, '25.00', '2018-04-28', 'Jorge Osorio', 'Peluqueros', b'1', 'contado', 0, '0.00'),
(1687, '50.00', '2018-04-28', 'Jorge Osorio', 'Peluqueros', b'1', 'contado', 0, '0.00'),
(1688, '75.00', '2018-04-28', 'Jorge Osorio', 'Peluqueros', b'1', 'contado', 0, '0.00'),
(1689, '75.00', '2018-04-28', 'Jorge Osorio', 'Peluqueros', b'1', 'contado', 0, '0.00'),
(1690, '62.50', '2018-04-28', 'Romina Trujillo', 'Peluqueros', b'1', 'contado', 0, '0.00'),
(1691, '75.00', '2018-04-29', 'Raul Cano', 'Peluqueros', b'1', 'contado', 0, '0.00'),
(1692, '75.00', '2018-04-29', 'Jorge Osorio', 'Peluqueros', b'1', 'contado', 0, '0.00'),
(1693, '50.00', '2018-04-29', 'Romina Trujillo', 'Peluqueros', b'1', 'contado', 0, '0.00'),
(1694, '75.00', '2018-04-29', 'Romina Trujillo', 'Peluqueros', b'1', 'contado', 0, '0.00'),
(1695, '50.00', '2018-04-29', 'Jorge Osorio', 'Peluqueros', b'1', 'contado', 0, '0.00'),
(1696, '50.00', '2018-04-30', 'Raul Cano', 'Peluqueros', b'1', 'contado', 0, '0.00'),
(1697, '50.00', '2018-04-30', 'Romina Trujillo', 'Peluqueros', b'1', 'contado', 0, '0.00'),
(1698, '50.00', '2018-04-30', 'Raul Cano', 'Peluqueros', b'1', 'contado', 0, '0.00'),
(1699, '75.00', '2018-04-30', 'Raul Cano', 'Peluqueros', b'1', 'contado', 0, '0.00'),
(1700, '50.00', '2018-04-30', 'Jorge Osorio', 'Peluqueros', b'1', 'contado', 0, '0.00'),
(1701, '62.50', '2018-04-30', 'Jorge Osorio', 'Peluqueros', b'1', 'contado', 0, '0.00'),
(1702, '25.00', '0000-00-00', 'Romina Trujillo', 'Peluqueros', b'1', 'contado', 0, '0.00'),
(1703, '25.00', '0000-00-00', 'Jorge Osorio', 'Peluqueros', b'1', 'contado', 0, '0.00'),
(1704, '62.50', '0000-00-00', 'Raul Cano', 'Peluqueros', b'1', 'contado', 0, '0.00'),
(1705, '75.00', '0000-00-00', 'Jorge Osorio', 'Peluqueros', b'1', 'contado', 0, '0.00'),
(1706, '62.50', '0000-00-00', 'Raul Cano', 'Peluqueros', b'1', 'contado', 0, '0.00'),
(1707, '50.00', '0000-00-00', 'Raul Cano', 'Peluqueros', b'1', 'contado', 0, '0.00'),
(1708, '75.00', '0000-00-00', 'Jorge Osorio', 'Peluqueros', b'1', 'contado', 0, '0.00'),
(1709, '62.50', '0000-00-00', 'Romina Trujillo', 'Peluqueros', b'1', 'contado', 0, '0.00'),
(1710, '62.50', '0000-00-00', 'Jorge Osorio', 'Peluqueros', b'1', 'contado', 0, '0.00'),
(1711, '25.00', '0000-00-00', 'Jorge Osorio', 'Peluqueros', b'1', 'contado', 0, '0.00'),
(1712, '50.00', '0000-00-00', 'Jorge Osorio', 'Peluqueros', b'1', 'contado', 0, '0.00'),
(1713, '75.00', '0000-00-00', 'Romina Trujillo', 'Peluqueros', b'1', 'contado', 0, '0.00'),
(1714, '50.00', '0000-00-00', 'Romina Trujillo', 'Peluqueros', b'1', 'contado', 0, '0.00'),
(1715, '50.00', '0000-00-00', 'Romina Trujillo', 'Peluqueros', b'1', 'contado', 0, '0.00'),
(1716, '50.00', '0000-00-00', 'Jorge Osorio', 'Peluqueros', b'1', 'contado', 0, '0.00'),
(1717, '62.50', '0000-00-00', 'Romina Trujillo', 'Peluqueros', b'1', 'contado', 0, '0.00'),
(1718, '62.50', '0000-00-00', 'Romina Trujillo', 'Peluqueros', b'1', 'contado', 0, '0.00'),
(1719, '75.00', '0000-00-00', 'Romina Trujillo', 'Peluqueros', b'1', 'contado', 0, '0.00'),
(1720, '25.00', '0000-00-00', 'Romina Trujillo', 'Peluqueros', b'1', 'contado', 0, '0.00'),
(1721, '62.50', '0000-00-00', 'Raul Cano', 'Peluqueros', b'1', 'contado', 0, '0.00'),
(1722, '62.50', '0000-00-00', 'Jorge Osorio', 'Peluqueros', b'1', 'contado', 0, '0.00'),
(1723, '62.50', '0000-00-00', 'Jorge Osorio', 'Peluqueros', b'1', 'contado', 0, '0.00'),
(1724, '50.00', '0000-00-00', 'Jorge Osorio', 'Peluqueros', b'1', 'contado', 0, '0.00'),
(1725, '50.00', '0000-00-00', 'Romina Trujillo', 'Peluqueros', b'1', 'contado', 0, '0.00'),
(1726, '50.00', '0000-00-00', 'Raul Cano', 'Peluqueros', b'1', 'contado', 0, '0.00'),
(1727, '75.00', '0000-00-00', 'Romina Trujillo', 'Peluqueros', b'1', 'contado', 0, '0.00'),
(1728, '50.00', '0000-00-00', 'Jorge Osorio', 'Peluqueros', b'1', 'contado', 0, '0.00'),
(1729, '75.00', '0000-00-00', 'Jorge Osorio', 'Peluqueros', b'1', 'contado', 0, '0.00'),
(1730, '75.00', '0000-00-00', 'Jorge Osorio', 'Peluqueros', b'1', 'contado', 0, '0.00'),
(1731, '50.00', '0000-00-00', 'Jorge Osorio', 'Peluqueros', b'1', 'contado', 0, '0.00'),
(1732, '37.50', '0000-00-00', 'Jorge Osorio', 'Peluqueros', b'1', 'contado', 0, '0.00'),
(1733, '25.00', '0000-00-00', 'Raul Cano', 'Peluqueros', b'1', 'contado', 0, '0.00'),
(1734, '50.00', '0000-00-00', 'Romina Trujillo', 'Peluqueros', b'1', 'contado', 0, '0.00'),
(1735, '50.00', '0000-00-00', 'Romina Trujillo', 'Peluqueros', b'1', 'contado', 0, '0.00'),
(1736, '62.50', '0000-00-00', 'Raul Cano', 'Peluqueros', b'1', 'contado', 0, '0.00'),
(1737, '50.00', '0000-00-00', 'Romina Trujillo', 'Peluqueros', b'1', 'contado', 0, '0.00'),
(1738, '37.50', '0000-00-00', 'Jorge Osorio', 'Peluqueros', b'1', 'contado', 0, '0.00'),
(1739, '25.00', '0000-00-00', 'Romina Trujillo', 'Peluqueros', b'1', 'contado', 0, '0.00'),
(1740, '50.00', '0000-00-00', 'Romina Trujillo', 'Peluqueros', b'1', 'contado', 0, '0.00'),
(1741, '75.00', '0000-00-00', 'Raul Cano', 'Peluqueros', b'1', 'contado', 0, '0.00'),
(1742, '50.00', '0000-00-00', 'Jorge Osorio', 'Peluqueros', b'1', 'contado', 0, '0.00'),
(1743, '50.00', '0000-00-00', 'Raul Cano', 'Peluqueros', b'1', 'contado', 0, '0.00'),
(1744, '25.00', '0000-00-00', 'Jorge Osorio', 'Peluqueros', b'1', 'contado', 0, '0.00'),
(1745, '50.00', '0000-00-00', 'Raul Cano', 'Peluqueros', b'1', 'contado', 0, '0.00'),
(1746, '62.50', '0000-00-00', 'Romina Trujillo', 'Peluqueros', b'1', 'contado', 0, '0.00'),
(1747, '62.50', '0000-00-00', 'Romina Trujillo', 'Peluqueros', b'1', 'contado', 0, '0.00'),
(1748, '62.50', '0000-00-00', 'Romina Trujillo', 'Peluqueros', b'1', 'contado', 0, '0.00'),
(1749, '50.00', '0000-00-00', 'Romina Trujillo', 'Peluqueros', b'1', 'contado', 0, '0.00'),
(1750, '25.00', '0000-00-00', 'Jorge Osorio', 'Peluqueros', b'1', 'contado', 0, '0.00'),
(1751, '62.50', '0000-00-00', 'Jorge Osorio', 'Peluqueros', b'1', 'contado', 0, '0.00'),
(1752, '50.00', '0000-00-00', 'Raul Cano', 'Peluqueros', b'1', 'contado', 0, '0.00'),
(1753, '62.50', '0000-00-00', 'Jorge Osorio', 'Peluqueros', b'1', 'contado', 0, '0.00'),
(1754, '50.00', '0000-00-00', 'Romina Trujillo', 'Peluqueros', b'1', 'contado', 0, '0.00'),
(1755, '25.00', '0000-00-00', 'Romina Trujillo', 'Peluqueros', b'1', 'contado', 0, '0.00'),
(1756, '25.00', '0000-00-00', 'Raul Cano', 'Peluqueros', b'1', 'contado', 0, '0.00'),
(1757, '62.50', '0000-00-00', 'Raul Cano', 'Peluqueros', b'1', 'contado', 0, '0.00'),
(1758, '62.50', '0000-00-00', 'Jorge Osorio', 'Peluqueros', b'1', 'contado', 0, '0.00'),
(1759, '50.00', '0000-00-00', 'Jorge Osorio', 'Peluqueros', b'1', 'contado', 0, '0.00'),
(1760, '50.00', '0000-00-00', 'Jorge Osorio', 'Peluqueros', b'1', 'contado', 0, '0.00'),
(1761, '75.00', '0000-00-00', 'Jorge Osorio', 'Peluqueros', b'1', 'contado', 0, '0.00'),
(1762, '50.00', '0000-00-00', 'Raul Cano', 'Peluqueros', b'1', 'contado', 0, '0.00'),
(1763, '37.50', '0000-00-00', 'Romina Trujillo', 'Peluqueros', b'1', 'contado', 0, '0.00'),
(1764, '75.00', '0000-00-00', 'Jorge Osorio', 'Peluqueros', b'1', 'contado', 0, '0.00'),
(1765, '25.00', '0000-00-00', 'Jorge Osorio', 'Peluqueros', b'1', 'contado', 0, '0.00'),
(1766, '75.00', '0000-00-00', 'Raul Cano', 'Peluqueros', b'1', 'contado', 0, '0.00'),
(1767, '50.00', '0000-00-00', 'Raul Cano', 'Peluqueros', b'1', 'contado', 0, '0.00'),
(1768, '37.50', '0000-00-00', 'Romina Trujillo', 'Peluqueros', b'1', 'contado', 0, '0.00'),
(1769, '62.50', '0000-00-00', 'Jorge Osorio', 'Peluqueros', b'1', 'contado', 0, '0.00'),
(1770, '50.00', '0000-00-00', 'Raul Cano', 'Peluqueros', b'1', 'contado', 0, '0.00'),
(1771, '25.00', '0000-00-00', 'Romina Trujillo', 'Peluqueros', b'1', 'contado', 0, '0.00'),
(1772, '75.00', '0000-00-00', 'Romina Trujillo', 'Peluqueros', b'1', 'contado', 0, '0.00'),
(1773, '75.00', '0000-00-00', 'Raul Cano', 'Peluqueros', b'1', 'contado', 0, '0.00'),
(1774, '75.00', '0000-00-00', 'Romina Trujillo', 'Peluqueros', b'1', 'contado', 0, '0.00'),
(1775, '50.00', '0000-00-00', 'Raul Cano', 'Peluqueros', b'1', 'contado', 0, '0.00'),
(1776, '50.00', '0000-00-00', 'Romina Trujillo', 'Peluqueros', b'1', 'contado', 0, '0.00'),
(1777, '50.00', '0000-00-00', 'Jorge Osorio', 'Peluqueros', b'1', 'contado', 0, '0.00'),
(1778, '62.50', '0000-00-00', 'Raul Cano', 'Peluqueros', b'1', 'contado', 0, '0.00'),
(1779, '25.00', '0000-00-00', 'Romina Trujillo', 'Peluqueros', b'1', 'contado', 0, '0.00'),
(1780, '62.50', '0000-00-00', 'Romina Trujillo', 'Peluqueros', b'1', 'contado', 0, '0.00'),
(1781, '75.00', '0000-00-00', 'Romina Trujillo', 'Peluqueros', b'1', 'contado', 0, '0.00'),
(1782, '37.50', '0000-00-00', 'Romina Trujillo', 'Peluqueros', b'1', 'contado', 0, '0.00'),
(1783, '50.00', '0000-00-00', 'Jorge Osorio', 'Peluqueros', b'1', 'contado', 0, '0.00'),
(1784, '62.50', '0000-00-00', 'Jorge Osorio', 'Peluqueros', b'1', 'contado', 0, '0.00'),
(1785, '25.00', '0000-00-00', 'Raul Cano', 'Peluqueros', b'1', 'contado', 0, '0.00'),
(1786, '62.50', '0000-00-00', 'Romina Trujillo', 'Peluqueros', b'1', 'contado', 0, '0.00'),
(1787, '25.00', '0000-00-00', 'Raul Cano', 'Peluqueros', b'1', 'contado', 0, '0.00'),
(1788, '50.00', '0000-00-00', 'Raul Cano', 'Peluqueros', b'1', 'contado', 0, '0.00'),
(1789, '37.50', '0000-00-00', 'Jorge Osorio', 'Peluqueros', b'1', 'contado', 0, '0.00'),
(1790, '75.00', '0000-00-00', 'Jorge Osorio', 'Peluqueros', b'1', 'contado', 0, '0.00'),
(1791, '37.50', '0000-00-00', 'Raul Cano', 'Peluqueros', b'1', 'contado', 0, '0.00'),
(1792, '50.00', '0000-00-00', 'Jorge Osorio', 'Peluqueros', b'1', 'contado', 0, '0.00'),
(1793, '62.50', '0000-00-00', 'Romina Trujillo', 'Peluqueros', b'1', 'contado', 0, '0.00'),
(1794, '62.50', '0000-00-00', 'Raul Cano', 'Peluqueros', b'1', 'contado', 0, '0.00'),
(1795, '75.00', '0000-00-00', 'Romina Trujillo', 'Peluqueros', b'1', 'contado', 0, '0.00'),
(1796, '75.00', '0000-00-00', 'Romina Trujillo', 'Peluqueros', b'1', 'contado', 0, '0.00'),
(1797, '62.50', '0000-00-00', 'Raul Cano', 'Peluqueros', b'1', 'contado', 0, '0.00'),
(1798, '62.50', '0000-00-00', 'Romina Trujillo', 'Peluqueros', b'1', 'contado', 0, '0.00'),
(1799, '37.50', '0000-00-00', 'Jorge Osorio', 'Peluqueros', b'1', 'contado', 0, '0.00'),
(1800, '75.00', '0000-00-00', 'Jorge Osorio', 'Peluqueros', b'1', 'contado', 0, '0.00'),
(1801, '37.50', '0000-00-00', 'Romina Trujillo', 'Peluqueros', b'1', 'contado', 0, '0.00'),
(1802, '25.00', '0000-00-00', 'Jorge Osorio', 'Peluqueros', b'1', 'contado', 0, '0.00'),
(1803, '50.00', '0000-00-00', 'Jorge Osorio', 'Peluqueros', b'1', 'contado', 0, '0.00'),
(1804, '75.00', '0000-00-00', 'Romina Trujillo', 'Peluqueros', b'1', 'contado', 0, '0.00'),
(1805, '75.00', '0000-00-00', 'Romina Trujillo', 'Peluqueros', b'1', 'contado', 0, '0.00'),
(1806, '50.00', '0000-00-00', 'Romina Trujillo', 'Peluqueros', b'1', 'contado', 0, '0.00'),
(1807, '62.50', '0000-00-00', 'Romina Trujillo', 'Peluqueros', b'1', 'contado', 0, '0.00'),
(1808, '62.50', '0000-00-00', 'Romina Trujillo', 'Peluqueros', b'1', 'contado', 0, '0.00'),
(1809, '50.00', '0000-00-00', 'Raul Cano', 'Peluqueros', b'1', 'contado', 0, '0.00'),
(1810, '75.00', '0000-00-00', 'Raul Cano', 'Peluqueros', b'1', 'contado', 0, '0.00'),
(1811, '50.00', '0000-00-00', 'Romina Trujillo', 'Peluqueros', b'1', 'contado', 0, '0.00'),
(1812, '62.50', '0000-00-00', 'Romina Trujillo', 'Peluqueros', b'1', 'contado', 0, '0.00'),
(1813, '75.00', '0000-00-00', 'Raul Cano', 'Peluqueros', b'1', 'contado', 0, '0.00'),
(1814, '25.00', '0000-00-00', 'Jorge Osorio', 'Peluqueros', b'1', 'contado', 0, '0.00'),
(1815, '25.00', '0000-00-00', 'Jorge Osorio', 'Peluqueros', b'1', 'contado', 0, '0.00'),
(1816, '37.50', '0000-00-00', 'Jorge Osorio', 'Peluqueros', b'1', 'contado', 0, '0.00'),
(1817, '37.50', '0000-00-00', 'Jorge Osorio', 'Peluqueros', b'1', 'contado', 0, '0.00'),
(1818, '50.00', '0000-00-00', 'Raul Cano', 'Peluqueros', b'1', 'contado', 0, '0.00'),
(1819, '50.00', '0000-00-00', 'Raul Cano', 'Peluqueros', b'1', 'contado', 0, '0.00'),
(1820, '62.50', '0000-00-00', 'Jorge Osorio', 'Peluqueros', b'1', 'contado', 0, '0.00'),
(1821, '50.00', '0000-00-00', 'Jorge Osorio', 'Peluqueros', b'1', 'contado', 0, '0.00'),
(1822, '50.00', '0000-00-00', 'Jorge Osorio', 'Peluqueros', b'1', 'contado', 0, '0.00'),
(1823, '37.50', '0000-00-00', 'Jorge Osorio', 'Peluqueros', b'1', 'contado', 0, '0.00'),
(1824, '62.50', '0000-00-00', 'Jorge Osorio', 'Peluqueros', b'1', 'contado', 0, '0.00'),
(1825, '50.00', '0000-00-00', 'Jorge Osorio', 'Peluqueros', b'1', 'contado', 0, '0.00'),
(1826, '75.00', '0000-00-00', 'Jorge Osorio', 'Peluqueros', b'1', 'contado', 0, '0.00'),
(1827, '75.00', '0000-00-00', 'Romina Trujillo', 'Peluqueros', b'1', 'contado', 0, '0.00'),
(1828, '75.00', '0000-00-00', 'Jorge Osorio', 'Peluqueros', b'1', 'contado', 0, '0.00'),
(1829, '50.00', '0000-00-00', 'Raul Cano', 'Peluqueros', b'1', 'contado', 0, '0.00'),
(1830, '25.00', '0000-00-00', 'Romina Trujillo', 'Peluqueros', b'1', 'contado', 0, '0.00'),
(1831, '75.00', '0000-00-00', 'Jorge Osorio', 'Peluqueros', b'1', 'contado', 0, '0.00'),
(1832, '62.50', '0000-00-00', 'Romina Trujillo', 'Peluqueros', b'1', 'contado', 0, '0.00'),
(1833, '50.00', '0000-00-00', 'Romina Trujillo', 'Peluqueros', b'1', 'contado', 0, '0.00'),
(1834, '50.00', '0000-00-00', 'Jorge Osorio', 'Peluqueros', b'1', 'contado', 0, '0.00'),
(1835, '75.00', '0000-00-00', 'Raul Cano', 'Peluqueros', b'1', 'contado', 0, '0.00'),
(1836, '50.00', '0000-00-00', 'Romina Trujillo', 'Peluqueros', b'1', 'contado', 0, '0.00'),
(1837, '50.00', '0000-00-00', 'Jorge Osorio', 'Peluqueros', b'1', 'contado', 0, '0.00'),
(1838, '50.00', '0000-00-00', 'Romina Trujillo', 'Peluqueros', b'1', 'contado', 0, '0.00'),
(1839, '25.00', '0000-00-00', 'Jorge Osorio', 'Peluqueros', b'1', 'contado', 0, '0.00'),
(1840, '25.00', '0000-00-00', 'Raul Cano', 'Peluqueros', b'1', 'contado', 0, '0.00'),
(1841, '50.00', '0000-00-00', 'Jorge Osorio', 'Peluqueros', b'1', 'contado', 0, '0.00'),
(1842, '50.00', '0000-00-00', 'Raul Cano', 'Peluqueros', b'1', 'contado', 0, '0.00'),
(1843, '50.00', '0000-00-00', 'Raul Cano', 'Peluqueros', b'1', 'contado', 0, '0.00'),
(1844, '50.00', '0000-00-00', 'Jorge Osorio', 'Peluqueros', b'1', 'contado', 0, '0.00'),
(1845, '50.00', '0000-00-00', 'Jorge Osorio', 'Peluqueros', b'1', 'contado', 0, '0.00'),
(1846, '75.00', '0000-00-00', 'Raul Cano', 'Peluqueros', b'1', 'contado', 0, '0.00'),
(1847, '75.00', '0000-00-00', 'Raul Cano', 'Peluqueros', b'1', 'contado', 0, '0.00'),
(1848, '37.50', '0000-00-00', 'Jorge Osorio', 'Peluqueros', b'1', 'contado', 0, '0.00'),
(1849, '50.00', '0000-00-00', 'Jorge Osorio', 'Peluqueros', b'1', 'contado', 0, '0.00'),
(1850, '50.00', '0000-00-00', 'Jorge Osorio', 'Peluqueros', b'1', 'contado', 0, '0.00'),
(1851, '50.00', '0000-00-00', 'Raul Cano', 'Peluqueros', b'1', 'contado', 0, '0.00'),
(1852, '75.00', '0000-00-00', 'Romina Trujillo', 'Peluqueros', b'1', 'contado', 0, '0.00'),
(1853, '50.00', '0000-00-00', 'Raul Cano', 'Peluqueros', b'1', 'contado', 0, '0.00'),
(1854, '50.00', '0000-00-00', 'Jorge Osorio', 'Peluqueros', b'1', 'contado', 0, '0.00'),
(1855, '50.00', '0000-00-00', 'Raul Cano', 'Peluqueros', b'1', 'contado', 0, '0.00'),
(1856, '75.00', '0000-00-00', 'Raul Cano', 'Peluqueros', b'1', 'contado', 0, '0.00'),
(2000, '45.00', '2018-01-01', '1', 'Ventas', b'0', 'contado', 0, '0.00'),
(2001, '90.00', '2018-01-01', '2', 'Ventas', b'0', 'contado', 0, '0.00'),
(2002, '100.00', '2018-01-05', '3', 'Ventas', b'0', 'contado', 0, '0.00'),
(2003, '90.00', '2018-01-05', '4', 'Ventas', b'0', 'debito', 0, '0.00'),
(2004, '140.00', '2018-01-07', '5', 'Ventas', b'0', 'contado', 0, '0.00'),
(2005, '45.00', '2018-01-07', '6', 'Ventas', b'0', 'contado', 0, '0.00'),
(2006, '120.00', '2018-01-09', '7', 'Ventas', b'0', 'contado', 0, '0.00'),
(2007, '185.00', '2018-01-13', '8', 'Ventas', b'0', 'debito', 0, '0.00'),
(2008, '140.00', '2018-01-13', '9', 'Ventas', b'0', 'contado', 0, '0.00'),
(2009, '115.00', '2018-01-15', '10', 'Ventas', b'0', 'contado', 0, '0.00'),
(2010, '140.00', '2018-01-17', '11', 'Ventas', b'0', 'debito', 0, '0.00'),
(2011, '255.00', '2018-01-19', '12', 'Ventas', b'0', 'credito', 2, '0.00'),
(2012, '110.00', '2018-01-22', '13', 'Ventas', b'0', 'contado', 0, '0.00'),
(2013, '70.00', '2018-01-25', '14', 'Ventas', b'0', 'contado', 0, '0.00'),
(2014, '70.00', '2018-01-26', '15', 'Ventas', b'0', 'debito', 0, '0.00'),
(2015, '105.00', '2018-01-28', '16', 'Ventas', b'0', 'contado', 0, '0.00'),
(2016, '240.00', '2018-01-28', '17', 'Ventas', b'0', 'contado', 0, '0.00'),
(2017, '45.00', '2018-01-31', '18', 'Ventas', b'0', 'debito', 0, '0.00'),
(2018, '60.00', '2018-02-03', '19', 'Ventas', b'0', 'contado', 0, '0.00'),
(2019, '45.00', '2018-02-03', '20', 'Ventas', b'0', 'contado', 0, '0.00'),
(2020, '90.00', '2018-02-05', '21', 'Ventas', b'0', 'contado', 0, '0.00'),
(2021, '140.00', '2018-02-09', '22', 'Ventas', b'0', 'debito', 0, '0.00'),
(2022, '70.00', '2018-02-11', '23', 'Ventas', b'0', 'contado', 0, '0.00'),
(2023, '290.00', '2018-02-14', '24', 'Ventas', b'0', 'credito', 1, '0.00'),
(2024, '210.00', '2018-02-17', '25', 'Ventas', b'0', 'contado', 0, '0.00'),
(2025, '45.00', '2018-02-21', '26', 'Ventas', b'0', 'contado', 0, '0.00'),
(2026, '115.00', '2018-02-23', '27', 'Ventas', b'0', 'contado', 0, '0.00'),
(2027, '140.00', '2018-02-27', '28', 'Ventas', b'0', 'debito', 0, '0.00'),
(2028, '115.00', '2018-03-01', '29', 'Ventas', b'0', 'contado', 0, '0.00'),
(2029, '45.00', '2018-03-02', '30', 'Ventas', b'0', 'debito', 0, '0.00'),
(2030, '30.00', '2018-03-05', '31', 'Ventas', b'0', 'contado', 0, '0.00'),
(2031, '185.00', '2018-03-07', '32', 'Ventas', b'0', 'contado', 0, '0.00'),
(2032, '70.00', '2018-03-10', '33', 'Ventas', b'0', 'contado', 0, '0.00'),
(2033, '285.00', '2018-03-12', '34', 'Ventas', b'0', 'debito', 0, '0.00'),
(2034, '240.00', '2018-03-16', '35', 'Ventas', b'0', 'contado', 0, '0.00'),
(2035, '190.00', '2018-03-21', '36', 'Ventas', b'0', 'debito', 0, '0.00'),
(2036, '30.00', '2018-03-23', '37', 'Ventas', b'0', 'contado', 0, '0.00'),
(2037, '140.00', '2018-03-26', '38', 'Ventas', b'0', 'contado', 0, '0.00'),
(2038, '70.00', '2018-03-28', '39', 'Ventas', b'0', 'contado', 0, '0.00'),
(2039, '70.00', '2018-03-31', '40', 'Ventas', b'0', 'contado', 0, '0.00'),
(2040, '130.00', '2018-04-04', '41', 'Ventas', b'0', 'contado', 0, '0.00'),
(2041, '140.00', '2018-04-06', '42', 'Ventas', b'0', 'debito', 0, '0.00'),
(2042, '45.00', '2018-04-07', '43', 'Ventas', b'0', 'contado', 0, '0.00'),
(2043, '140.00', '2018-04-09', '44', 'Ventas', b'0', 'debito', 0, '0.00'),
(2044, '95.00', '2018-04-14', '45', 'Ventas', b'0', 'contado', 0, '0.00'),
(2045, '70.00', '2018-04-16', '46', 'Ventas', b'0', 'contado', 0, '0.00'),
(2046, '50.00', '2018-04-20', '47', 'Ventas', b'0', 'contado', 0, '0.00'),
(2047, '70.00', '2018-04-22', '48', 'Ventas', b'0', 'debito', 0, '0.00'),
(2048, '70.00', '2018-04-26', '49', 'Ventas', b'0', 'contado', 0, '0.00'),
(2049, '75.00', '2018-04-27', '50', 'Ventas', b'0', 'debito', 0, '0.00'),
(2050, '260.00', '2018-04-30', '51', 'Ventas', b'0', 'contado', 0, '0.00'),
(2500, '140.00', '2018-01-05', 'NULL', 'Luz', b'1', 'contado', 0, '0.00'),
(2501, '200.00', '2018-02-07', 'NULL', 'Luz', b'1', 'contado', 0, '0.00'),
(2502, '400.00', '2018-03-06', 'NULL', 'Luz', b'1', 'contado', 0, '0.00'),
(2503, '200.00', '2018-04-07', 'NULL', 'Luz', b'1', 'contado', 0, '0.00'),
(2504, '200.00', '2018-01-05', 'NULL', 'Gas', b'1', 'contado', 0, '0.00'),
(2505, '150.00', '2018-02-07', 'NULL', 'Gas', b'1', 'contado', 0, '0.00'),
(2506, '240.00', '2018-03-06', 'NULL', 'Gas', b'1', 'contado', 0, '0.00'),
(2507, '300.00', '2018-04-07', 'NULL', 'Gas', b'1', 'contado', 0, '0.00'),
(2508, '500.00', '2018-01-04', 'Shampoo', 'Stock', b'1', 'contado', 0, '0.00'),
(2509, '420.00', '2018-01-04', 'Guantes', 'Stock', b'1', 'contado', 0, '0.00'),
(2510, '300.00', '2018-01-04', 'Tintura', 'Stock', b'1', 'contado', 0, '0.00'),
(2511, '300.00', '2018-01-05', 'Cremas', 'Stock', b'1', 'contado', 0, '0.00'),
(2512, '300.00', '2018-01-06', 'Productos de limpieza', 'Stock', b'1', 'contado', 0, '0.00'),
(2513, '500.00', '2018-01-24', 'Shampoo', 'Stock', b'1', 'contado', 0, '0.00'),
(2514, '470.00', '2018-01-24', 'Guantes', 'Stock', b'1', 'contado', 0, '0.00'),
(2515, '300.00', '2018-01-24', 'Cremas', 'Stock', b'1', 'contado', 0, '0.00'),
(2516, '300.00', '2018-01-24', 'Tintura', 'Stock', b'1', 'contado', 0, '0.00'),
(2517, '420.00', '2018-01-24', 'Productos de limpieza', 'Stock', b'1', 'contado', 0, '0.00'),
(2518, '500.00', '2018-02-04', 'Shampoo', 'Stock', b'1', 'contado', 0, '0.00'),
(2519, '500.00', '2018-02-04', 'Crema depiladora', 'Stock', b'1', 'contado', 0, '0.00'),
(2520, '300.00', '2018-02-04', 'Tintura', 'Stock', b'1', 'contado', 0, '0.00'),
(2521, '470.00', '2018-02-04', 'Productos de limpieza', 'Stock', b'1', 'contado', 0, '0.00'),
(2522, '300.00', '2018-02-15', 'Guantes', 'Stock', b'1', 'contado', 0, '0.00'),
(2523, '500.00', '2018-02-15', 'Cremas', 'Stock', b'1', 'contado', 0, '0.00'),
(2524, '500.00', '2018-02-15', 'Productos de limpieza', 'Stock', b'1', 'contado', 0, '0.00'),
(2525, '420.00', '2018-02-28', 'Shampoo', 'Stock', b'1', 'contado', 0, '0.00'),
(2526, '420.00', '2018-02-28', 'Guantes', 'Stock', b'1', 'contado', 0, '0.00'),
(2527, '300.00', '2018-02-28', 'Tintura', 'Stock', b'1', 'contado', 0, '0.00'),
(2528, '420.00', '2018-02-28', 'Productos de limpieza', 'Stock', b'1', 'contado', 0, '0.00'),
(2529, '500.00', '2018-03-03', 'Crema depiladora', 'Stock', b'1', 'contado', 0, '0.00'),
(2530, '470.00', '2018-03-03', 'Cremas', 'Stock', b'1', 'contado', 0, '0.00'),
(2531, '380.00', '2018-03-03', 'Productos de limpieza', 'Stock', b'1', 'contado', 0, '0.00'),
(2532, '300.00', '2018-03-23', 'Shampoo', 'Stock', b'1', 'contado', 0, '0.00'),
(2533, '500.00', '2018-03-23', 'Guantes', 'Stock', b'1', 'contado', 0, '0.00'),
(2534, '380.00', '2018-03-23', 'Cremas', 'Stock', b'1', 'contado', 0, '0.00'),
(2535, '470.00', '2018-03-23', 'Tintura', 'Stock', b'1', 'contado', 0, '0.00'),
(2536, '380.00', '2018-03-23', 'Productos de limpieza', 'Stock', b'1', 'contado', 0, '0.00'),
(2537, '300.00', '2018-04-07', 'Shampoo', 'Stock', b'1', 'contado', 0, '0.00'),
(2538, '420.00', '2018-04-07', 'Crema depiladora', 'Stock', b'1', 'contado', 0, '0.00'),
(2539, '500.00', '2018-04-07', 'Tintura', 'Stock', b'1', 'contado', 0, '0.00'),
(2540, '380.00', '2018-04-07', 'Productos de limpieza', 'Stock', b'1', 'contado', 0, '0.00'),
(2541, '420.00', '2018-04-20', 'Guantes', 'Stock', b'1', 'contado', 0, '0.00'),
(2542, '470.00', '2018-04-20', 'Cremas', 'Stock', b'1', 'contado', 0, '0.00'),
(2543, '420.00', '2018-04-20', 'Productos de limpieza', 'Stock', b'1', 'contado', 0, '0.00'),
(2544, '500.00', '2018-04-20', 'Shampoo', 'Stock', b'1', 'contado', 0, '0.00'),
(2545, '380.00', '2018-04-25', 'Guantes', 'Stock', b'1', 'contado', 0, '0.00'),
(2546, '470.00', '2018-04-25', 'Tintura', 'Stock', b'1', 'contado', 0, '0.00'),
(2547, '500.00', '2018-04-25', 'Productos de limpieza', 'Stock', b'1', 'contado', 0, '0.00');



INSERT INTO `PELUQUERO` (`ID_PERSONA`, `NOMBRE`, `APELLIDO`, `EMAIL`, `SEXO`, `TELEFONO`, `INGRESO`, `CIUDAD`, `CALLE`, `NUMERO`, `PISO`, `DPTO`, `HABILITADO`) VALUES
(1, 'Jorge', 'Osorio', NULL, 'hombre', NULL, '2017-10-30', 'Berisso', NULL, 0, 0, NULL, b'1'),
(2, 'Raul', 'Cano', NULL, 'hombre', NULL, '2017-10-30', 'Ensenada', NULL, 0, 0, NULL, b'1'),
(3, 'Romina', 'Trujillo', NULL, 'mujer', NULL, '2017-10-30', 'La Plata', NULL, 0, 0, NULL, b'1');


INSERT INTO `PRODUCTO` (`ID_PRODUCTO`, `NOMBRE`, `DESCRIPCION`, `CANTIDAD`, `CANTIDAD_MINIMA`, `PRECIO`) VALUES
(1, 'Tintura Roja', 'Pallmolive', 9, 4, '45.00'),
(2, 'Tintura Verde', 'Pallmolive', 10, 4, '45.00'),
(3, 'Tintura Rubio', 'Pallmolive', 10, 4, '45.00'),
(4, 'Tintura Castaño', 'Pallmolive', 9, 4, '45.00'),
(5, 'Tintura Morocha', 'Pallmolive', 9, 4, '45.00'),
(6, 'Shampoo', 'Sedal', 9, 4, '70.00'),
(7, 'Crema de enjuague', 'Sedal', 9, 4, '70.00'),
(8, 'Gel', 'Pallmolive', 8, 4, '50.00'),
(9, 'Cera de pelo', 'Pallmolive', 10, 4, '30.00');


INSERT INTO `SERVICIO` (`ID_SERVICIO`, `DESCRIPCION`, `PRECIO`) VALUES
(1, 'Corte', '200.00'),
(2, 'Lavado', '150.00'),
(3, 'Peinado', '300.00'),
(4, 'Color', '250.00'),
(5, 'Alisado', '100.00');

INSERT INTO `SERVICIO_TURNO` (`ID_SERVICIO`, `DESCRIPCION`, `PRECIO`) VALUES
(2, 'Alisado', '100.00'),
(1, 'Corte', '200.00'),
(3, 'Corte', '200.00'),
(4, 'Alisado', '100.00'),
(5, 'Color', '250.00'),
(6, 'Color', '250.00'),
(7, 'Lavado', '150.00'),
(8, 'Peinado', '300.00'),
(9, 'Color', '250.00'),
(10, 'Color', '250.00'),
(11, 'Corte', '200.00'),
(12, 'Alisado', '100.00'),
(13, 'Alisado', '100.00'),
(14, 'Corte', '200.00'),
(15, 'Corte', '200.00'),
(16, 'Lavado', '150.00'),
(17, 'Corte', '200.00'),
(18, 'Corte', '200.00'),
(19, 'Corte', '200.00'),
(20, 'Corte', '200.00'),
(21, 'Corte', '200.00'),
(22, 'Corte', '200.00'),
(23, 'Corte', '200.00'),
(24, 'Alisado', '100.00'),
(25, 'Color', '250.00'),
(26, 'Peinado', '300.00'),
(27, 'Alisado', '100.00'),
(28, 'Color', '250.00'),
(29, 'Corte', '200.00'),
(30, 'Corte', '200.00'),
(31, 'Color', '250.00'),
(32, 'Corte', '200.00'),
(33, 'Color', '250.00'),
(34, 'Lavado', '150.00'),
(35, 'Alisado', '100.00'),
(36, 'Corte', '200.00'),
(37, 'Alisado', '100.00'),
(38, 'Corte', '200.00'),
(39, 'Peinado', '300.00'),
(40, 'Peinado', '300.00'),
(41, 'Color', '250.00'),
(42, 'Color', '250.00'),
(43, 'Color', '250.00'),
(44, 'Corte', '200.00'),
(45, 'Alisado', '100.00'),
(46, 'Corte', '200.00'),
(47, 'Lavado', '150.00'),
(48, 'Lavado', '150.00'),
(49, 'Corte', '200.00'),
(50, 'Corte', '200.00'),
(51, 'Corte', '200.00'),
(52, 'Corte', '200.00'),
(53, 'Corte', '200.00'),
(54, 'Corte', '200.00'),
(55, 'Peinado', '300.00'),
(56, 'Lavado', '150.00'),
(57, 'Corte', '200.00'),
(58, 'Corte', '200.00'),
(59, 'Corte', '200.00'),
(60, 'Color', '250.00'),
(61, 'Corte', '200.00'),
(62, 'Alisado', '100.00'),
(63, 'Corte', '200.00'),
(64, 'Corte', '200.00'),
(65, 'Corte', '200.00'),
(66, 'Peinado', '300.00'),
(67, 'Peinado', '300.00'),
(68, 'Corte', '200.00'),
(69, 'Corte', '200.00'),
(70, 'Corte', '200.00'),
(71, 'Color', '250.00'),
(72, 'Lavado', '150.00'),
(73, 'Corte', '200.00'),
(74, 'Alisado', '100.00'),
(75, 'Corte', '200.00'),
(76, 'Color', '250.00'),
(77, 'Peinado', '300.00'),
(78, 'Corte', '200.00'),
(79, 'Corte', '200.00'),
(80, 'Color', '250.00'),
(81, 'Corte', '200.00'),
(82, 'Peinado', '300.00'),
(83, 'Corte', '200.00'),
(84, 'Color', '250.00'),
(85, 'Corte', '200.00'),
(86, 'Color', '250.00'),
(87, 'Alisado', '100.00'),
(88, 'Alisado', '100.00'),
(89, 'Alisado', '100.00'),
(90, 'Corte', '200.00'),
(91, 'Corte', '200.00'),
(92, 'Peinado', '300.00'),
(93, 'Peinado', '300.00'),
(94, 'Peinado', '300.00'),
(95, 'Alisado', '100.00'),
(96, 'Color', '250.00'),
(97, 'Alisado', '100.00'),
(98, 'Corte', '200.00'),
(99, 'Peinado', '300.00'),
(100, 'Peinado', '300.00'),
(101, 'Peinado', '300.00'),
(102, 'Corte', '200.00'),
(103, 'Corte', '200.00'),
(104, 'Color', '250.00'),
(105, 'Alisado', '100.00'),
(106, 'Corte', '200.00'),
(107, 'Alisado', '100.00'),
(108, 'Alisado', '100.00'),
(109, 'Alisado', '100.00'),
(110, 'Corte', '200.00'),
(111, 'Color', '250.00'),
(112, 'Corte', '200.00'),
(113, 'Corte', '200.00'),
(114, 'Alisado', '100.00'),
(115, 'Corte', '200.00'),
(116, 'Corte', '200.00'),
(117, 'Peinado', '300.00'),
(118, 'Peinado', '300.00'),
(119, 'Corte', '200.00'),
(120, 'Corte', '200.00'),
(121, 'Color', '250.00'),
(122, 'Color', '250.00'),
(123, 'Peinado', '300.00'),
(124, 'Corte', '200.00'),
(125, 'Corte', '200.00'),
(126, 'Peinado', '300.00'),
(127, 'Alisado', '100.00'),
(128, 'Color', '250.00'),
(129, 'Color', '250.00'),
(130, 'Peinado', '300.00'),
(131, 'Corte', '200.00'),
(132, 'Peinado', '300.00'),
(133, 'Alisado', '100.00'),
(134, 'Corte', '200.00'),
(135, 'Alisado', '100.00'),
(136, 'Alisado', '100.00'),
(137, 'Alisado', '100.00'),
(138, 'Alisado', '100.00'),
(139, 'Peinado', '300.00'),
(140, 'Color', '250.00'),
(141, 'Peinado', '300.00'),
(142, 'Color', '250.00'),
(143, 'Alisado', '100.00'),
(144, 'Peinado', '300.00'),
(145, 'Peinado', '300.00'),
(146, 'Lavado', '150.00'),
(147, 'Alisado', '100.00'),
(148, 'Peinado', '300.00'),
(149, 'Corte', '200.00'),
(150, 'Color', '250.00'),
(151, 'Peinado', '300.00'),
(152, 'Color', '250.00'),
(153, 'Peinado', '300.00'),
(154, 'Alisado', '100.00'),
(155, 'Color', '250.00'),
(156, 'Corte', '200.00'),
(157, 'Peinado', '300.00'),
(158, 'Alisado', '100.00'),
(159, 'Corte', '200.00'),
(160, 'Lavado', '150.00'),
(161, 'Alisado', '100.00'),
(162, 'Corte', '200.00'),
(163, 'Lavado', '150.00'),
(164, 'Color', '250.00'),
(165, 'Color', '250.00'),
(166, 'Corte', '200.00'),
(167, 'Corte', '200.00'),
(168, 'Color', '250.00'),
(169, 'Corte', '200.00'),
(170, 'Corte', '200.00'),
(171, 'Corte', '200.00'),
(172, 'Corte', '200.00'),
(173, 'Peinado', '300.00'),
(174, 'Corte', '200.00'),
(175, 'Corte', '200.00'),
(176, 'Color', '250.00'),
(177, 'Alisado', '100.00'),
(178, 'Corte', '200.00'),
(179, 'Alisado', '100.00'),
(180, 'Alisado', '100.00'),
(181, 'Color', '250.00'),
(182, 'Color', '250.00'),
(183, 'Peinado', '300.00'),
(184, 'Corte', '200.00'),
(185, 'Corte', '200.00'),
(186, 'Lavado', '150.00'),
(187, 'Corte', '200.00'),
(188, 'Color', '250.00'),
(189, 'Peinado', '300.00'),
(190, 'Color', '250.00'),
(191, 'Alisado', '100.00'),
(192, 'Color', '250.00'),
(193, 'Peinado', '300.00'),
(194, 'Alisado', '100.00'),
(195, 'Corte', '200.00'),
(196, 'Lavado', '150.00'),
(197, 'Alisado', '100.00'),
(198, 'Peinado', '300.00'),
(199, 'Peinado', '300.00'),
(200, 'Alisado', '100.00'),
(201, 'Alisado', '100.00'),
(202, 'Color', '250.00'),
(203, 'Corte', '200.00'),
(204, 'Corte', '200.00'),
(205, 'Peinado', '300.00'),
(206, 'Alisado', '100.00'),
(207, 'Peinado', '300.00'),
(208, 'Lavado', '150.00'),
(209, 'Peinado', '300.00'),
(210, 'Corte', '200.00'),
(211, 'Color', '250.00'),
(212, 'Color', '250.00'),
(213, 'Lavado', '150.00'),
(214, 'Lavado', '150.00'),
(215, 'Lavado', '150.00'),
(216, 'Corte', '200.00'),
(217, 'Peinado', '300.00'),
(218, 'Peinado', '300.00'),
(219, 'Corte', '200.00'),
(220, 'Lavado', '150.00'),
(221, 'Color', '250.00'),
(222, 'Corte', '200.00'),
(223, 'Lavado', '150.00'),
(224, 'Color', '250.00'),
(225, 'Lavado', '150.00'),
(226, 'Corte', '200.00'),
(227, 'Lavado', '150.00'),
(228, 'Color', '250.00'),
(229, 'Corte', '200.00'),
(230, 'Peinado', '300.00'),
(231, 'Corte', '200.00'),
(232, 'Corte', '200.00'),
(233, 'Color', '250.00'),
(234, 'Color', '250.00'),
(235, 'Corte', '200.00'),
(236, 'Color', '250.00'),
(237, 'Color', '250.00'),
(238, 'Color', '250.00'),
(239, 'Peinado', '300.00'),
(240, 'Color', '250.00'),
(241, 'Corte', '200.00'),
(242, 'Color', '250.00'),
(243, 'Lavado', '150.00'),
(244, 'Peinado', '300.00'),
(245, 'Lavado', '150.00'),
(246, 'Corte', '200.00'),
(247, 'Peinado', '300.00'),
(248, 'Peinado', '300.00'),
(249, 'Peinado', '300.00'),
(250, 'Corte', '200.00'),
(251, 'Corte', '200.00'),
(252, 'Corte', '200.00'),
(253, 'Peinado', '300.00'),
(254, 'Lavado', '150.00'),
(255, 'Color', '250.00'),
(256, 'Corte', '200.00'),
(257, 'Color', '250.00'),
(258, 'Peinado', '300.00'),
(259, 'Alisado', '100.00'),
(260, 'Peinado', '300.00'),
(261, 'Alisado', '100.00'),
(262, 'Color', '250.00'),
(263, 'Corte', '200.00'),
(264, 'Color', '250.00'),
(265, 'Corte', '200.00'),
(266, 'Corte', '200.00'),
(267, 'Corte', '200.00'),
(268, 'Corte', '200.00'),
(269, 'Lavado', '150.00'),
(270, 'Color', '250.00'),
(271, 'Peinado', '300.00'),
(272, 'Corte', '200.00'),
(273, 'Corte', '200.00'),
(274, 'Color', '250.00'),
(275, 'Corte', '200.00'),
(276, 'Corte', '200.00'),
(277, 'Color', '250.00'),
(278, 'Lavado', '150.00'),
(279, 'Corte', '200.00'),
(280, 'Alisado', '100.00'),
(281, 'Alisado', '100.00'),
(282, 'Corte', '200.00'),
(283, 'Corte', '200.00'),
(284, 'Alisado', '100.00'),
(285, 'Peinado', '300.00'),
(286, 'Corte', '200.00'),
(287, 'Lavado', '150.00'),
(288, 'Alisado', '100.00'),
(289, 'Peinado', '300.00'),
(290, 'Color', '250.00'),
(291, 'Color', '250.00'),
(292, 'Peinado', '300.00'),
(293, 'Corte', '200.00'),
(294, 'Alisado', '100.00'),
(295, 'Corte', '200.00'),
(296, 'Corte', '200.00'),
(297, 'Peinado', '300.00'),
(298, 'Color', '250.00'),
(299, 'Corte', '200.00'),
(300, 'Color', '250.00'),
(301, 'Corte', '200.00'),
(302, 'Alisado', '100.00'),
(303, 'Color', '250.00'),
(304, 'Peinado', '300.00'),
(305, 'Alisado', '100.00'),
(306, 'Corte', '200.00'),
(307, 'Color', '250.00'),
(308, 'Corte', '200.00'),
(309, 'Color', '250.00'),
(310, 'Alisado', '100.00'),
(311, 'Peinado', '300.00'),
(312, 'Peinado', '300.00'),
(313, 'Corte', '200.00'),
(314, 'Corte', '200.00'),
(315, 'Peinado', '300.00'),
(316, 'Corte', '200.00'),
(317, 'Peinado', '300.00'),
(318, 'Peinado', '300.00'),
(319, 'Color', '250.00'),
(320, 'Corte', '200.00'),
(321, 'Peinado', '300.00'),
(322, 'Corte', '200.00'),
(323, 'Corte', '200.00'),
(324, 'Lavado', '150.00'),
(325, 'Peinado', '300.00'),
(326, 'Corte', '200.00'),
(327, 'Corte', '200.00'),
(328, 'Corte', '200.00'),
(329, 'Corte', '200.00'),
(330, 'Color', '250.00'),
(331, 'Alisado', '100.00'),
(332, 'Corte', '200.00'),
(333, 'Alisado', '100.00'),
(334, 'Color', '250.00'),
(335, 'Corte', '200.00'),
(336, 'Corte', '200.00'),
(337, 'Corte', '200.00'),
(338, 'Corte', '200.00'),
(339, 'Peinado', '300.00'),
(340, 'Corte', '200.00'),
(341, 'Color', '250.00'),
(342, 'Corte', '200.00'),
(343, 'Corte', '200.00'),
(344, 'Peinado', '300.00'),
(345, 'Lavado', '150.00'),
(346, 'Corte', '200.00'),
(347, 'Peinado', '300.00'),
(348, 'Peinado', '300.00'),
(349, 'Corte', '200.00'),
(350, 'Color', '250.00'),
(351, 'Color', '250.00'),
(352, 'Peinado', '300.00'),
(353, 'Corte', '200.00'),
(354, 'Color', '250.00'),
(355, 'Peinado', '300.00'),
(356, 'Alisado', '100.00'),
(357, 'Corte', '200.00'),
(358, 'Color', '250.00'),
(359, 'Corte', '200.00'),
(360, 'Color', '250.00'),
(361, 'Color', '250.00'),
(362, 'Corte', '200.00'),
(363, 'Peinado', '300.00'),
(364, 'Alisado', '100.00'),
(365, 'Peinado', '300.00'),
(366, 'Alisado', '100.00'),
(367, 'Corte', '200.00'),
(368, 'Lavado', '150.00'),
(369, 'Alisado', '100.00'),
(370, 'Corte', '200.00'),
(371, 'Corte', '200.00'),
(372, 'Corte', '200.00'),
(373, 'Corte', '200.00'),
(374, 'Alisado', '100.00'),
(375, 'Corte', '200.00'),
(376, 'Corte', '200.00'),
(377, 'Corte', '200.00'),
(378, 'Corte', '200.00'),
(379, 'Color', '250.00'),
(380, 'Corte', '200.00'),
(381, 'Color', '250.00'),
(382, 'Peinado', '300.00'),
(383, 'Corte', '200.00'),
(384, 'Peinado', '300.00'),
(385, 'Corte', '200.00'),
(386, 'Alisado', '100.00'),
(387, 'Alisado', '100.00'),
(388, 'Alisado', '100.00'),
(389, 'Corte', '200.00'),
(390, 'Corte', '200.00'),
(391, 'Color', '250.00'),
(392, 'Corte', '200.00'),
(393, 'Corte', '200.00'),
(394, 'Color', '250.00'),
(395, 'Corte', '200.00'),
(396, 'Alisado', '100.00'),
(397, 'Peinado', '300.00'),
(398, 'Color', '250.00'),
(399, 'Corte', '200.00'),
(400, 'Peinado', '300.00'),
(401, 'Corte', '200.00'),
(402, 'Alisado', '100.00'),
(403, 'Corte', '200.00'),
(404, 'Color', '250.00'),
(405, 'Color', '250.00'),
(406, 'Corte', '200.00'),
(407, 'Peinado', '300.00'),
(408, 'Corte', '200.00'),
(409, 'Corte', '200.00'),
(410, 'Color', '250.00'),
(411, 'Corte', '200.00'),
(412, 'Lavado', '150.00'),
(413, 'Corte', '200.00'),
(414, 'Corte', '200.00'),
(415, 'Peinado', '300.00'),
(416, 'Corte', '200.00'),
(417, 'Alisado', '100.00'),
(418, 'Color', '250.00'),
(419, 'Color', '250.00'),
(420, 'Alisado', '100.00'),
(421, 'Corte', '200.00'),
(422, 'Lavado', '150.00'),
(423, 'Corte', '200.00'),
(424, 'Peinado', '300.00'),
(425, 'Lavado', '150.00'),
(426, 'Peinado', '300.00'),
(427, 'Lavado', '150.00'),
(428, 'Corte', '200.00'),
(429, 'Corte', '200.00'),
(430, 'Corte', '200.00'),
(431, 'Peinado', '300.00'),
(432, 'Corte', '200.00'),
(433, 'Corte', '200.00'),
(434, 'Alisado', '100.00'),
(435, 'Alisado', '100.00'),
(436, 'Color', '250.00'),
(437, 'Corte', '200.00'),
(438, 'Corte', '200.00'),
(439, 'Peinado', '300.00'),
(440, 'Alisado', '100.00'),
(441, 'Peinado', '300.00'),
(442, 'Corte', '200.00'),
(443, 'Peinado', '300.00'),
(444, 'Peinado', '300.00'),
(445, 'Corte', '200.00'),
(446, 'Peinado', '300.00'),
(447, 'Peinado', '300.00'),
(448, 'Lavado', '150.00'),
(449, 'Peinado', '300.00'),
(450, 'Alisado', '100.00'),
(451, 'Corte', '200.00'),
(452, 'Corte', '200.00'),
(453, 'Lavado', '150.00'),
(454, 'Color', '250.00'),
(455, 'Color', '250.00'),
(456, 'Color', '250.00'),
(457, 'Color', '250.00'),
(458, 'Peinado', '300.00'),
(459, 'Corte', '200.00'),
(460, 'Alisado', '100.00'),
(461, 'Corte', '200.00'),
(462, 'Corte', '200.00'),
(463, 'Peinado', '300.00'),
(464, 'Corte', '200.00'),
(465, 'Corte', '200.00'),
(466, 'Peinado', '300.00'),
(467, 'Corte', '200.00'),
(468, 'Alisado', '100.00'),
(469, 'Peinado', '300.00'),
(470, 'Corte', '200.00'),
(471, 'Corte', '200.00'),
(472, 'Alisado', '100.00'),
(473, 'Lavado', '150.00'),
(474, 'Color', '250.00'),
(475, 'Color', '250.00'),
(476, 'Corte', '200.00'),
(477, 'Peinado', '300.00'),
(478, 'Lavado', '150.00'),
(479, 'Color', '250.00'),
(480, 'Peinado', '300.00'),
(481, 'Corte', '200.00'),
(482, 'Corte', '200.00'),
(483, 'Peinado', '300.00'),
(484, 'Alisado', '100.00'),
(485, 'Alisado', '100.00'),
(486, 'Peinado', '300.00'),
(487, 'Lavado', '150.00'),
(488, 'Alisado', '100.00'),
(489, 'Corte', '200.00'),
(490, 'Alisado', '100.00'),
(491, 'Corte', '200.00'),
(492, 'Peinado', '300.00'),
(493, 'Corte', '200.00'),
(494, 'Alisado', '100.00'),
(495, 'Color', '250.00'),
(496, 'Corte', '200.00'),
(497, 'Alisado', '100.00'),
(498, 'Alisado', '100.00'),
(499, 'Corte', '200.00'),
(500, 'Corte', '200.00'),
(501, 'Color', '250.00'),
(502, 'Corte', '200.00'),
(503, 'Peinado', '300.00'),
(504, 'Color', '250.00'),
(505, 'Alisado', '100.00'),
(506, 'Peinado', '300.00'),
(507, 'Color', '250.00'),
(508, 'Alisado', '100.00'),
(509, 'Peinado', '300.00'),
(510, 'Color', '250.00'),
(511, 'Corte', '200.00'),
(512, 'Corte', '200.00'),
(513, 'Corte', '200.00'),
(514, 'Color', '250.00'),
(515, 'Color', '250.00'),
(516, 'Corte', '200.00'),
(517, 'Corte', '200.00'),
(518, 'Corte', '200.00'),
(519, 'Corte', '200.00'),
(520, 'Color', '250.00'),
(521, 'Corte', '200.00'),
(522, 'Alisado', '100.00'),
(523, 'Corte', '200.00'),
(524, 'Alisado', '100.00'),
(525, 'Lavado', '150.00'),
(526, 'Color', '250.00'),
(527, 'Corte', '200.00'),
(528, 'Alisado', '100.00'),
(529, 'Color', '250.00'),
(530, 'Color', '250.00'),
(531, 'Corte', '200.00'),
(532, 'Peinado', '300.00'),
(533, 'Alisado', '100.00'),
(534, 'Corte', '200.00'),
(535, 'Corte', '200.00'),
(536, 'Corte', '200.00'),
(537, 'Alisado', '100.00'),
(538, 'Peinado', '300.00'),
(539, 'Peinado', '300.00'),
(540, 'Alisado', '100.00'),
(541, 'Corte', '200.00'),
(542, 'Alisado', '100.00'),
(543, 'Color', '250.00'),
(544, 'Color', '250.00'),
(545, 'Corte', '200.00'),
(546, 'Corte', '200.00'),
(547, 'Corte', '200.00'),
(548, 'Corte', '200.00'),
(549, 'Corte', '200.00'),
(550, 'Peinado', '300.00'),
(551, 'Corte', '200.00'),
(552, 'Corte', '200.00'),
(553, 'Color', '250.00'),
(554, 'Color', '250.00'),
(555, 'Color', '250.00'),
(556, 'Corte', '200.00'),
(557, 'Color', '250.00'),
(558, 'Alisado', '100.00'),
(559, 'Corte', '200.00'),
(560, 'Peinado', '300.00'),
(561, 'Color', '250.00'),
(562, 'Lavado', '150.00'),
(563, 'Color', '250.00'),
(564, 'Peinado', '300.00'),
(565, 'Color', '250.00'),
(566, 'Corte', '200.00'),
(567, 'Corte', '200.00'),
(568, 'Corte', '200.00'),
(569, 'Alisado', '100.00'),
(570, 'Peinado', '300.00'),
(571, 'Corte', '200.00'),
(572, 'Color', '250.00'),
(573, 'Color', '250.00'),
(574, 'Corte', '200.00'),
(575, 'Alisado', '100.00'),
(576, 'Corte', '200.00'),
(577, 'Alisado', '100.00'),
(578, 'Alisado', '100.00'),
(579, 'Lavado', '150.00'),
(580, 'Alisado', '100.00'),
(581, 'Corte', '200.00'),
(582, 'Peinado', '300.00'),
(583, 'Corte', '200.00'),
(584, 'Corte', '200.00'),
(585, 'Alisado', '100.00'),
(586, 'Peinado', '300.00'),
(587, 'Color', '250.00'),
(588, 'Corte', '200.00'),
(589, 'Lavado', '150.00'),
(590, 'Color', '250.00'),
(591, 'Corte', '200.00'),
(592, 'Corte', '200.00'),
(593, 'Peinado', '300.00'),
(594, 'Corte', '200.00'),
(595, 'Alisado', '100.00'),
(596, 'Color', '250.00'),
(597, 'Lavado', '150.00'),
(598, 'Corte', '200.00'),
(599, 'Corte', '200.00'),
(600, 'Corte', '200.00'),
(601, 'Corte', '200.00'),
(602, 'Peinado', '300.00'),
(603, 'Color', '250.00'),
(604, 'Lavado', '150.00'),
(605, 'Corte', '200.00'),
(606, 'Corte', '200.00'),
(607, 'Color', '250.00'),
(608, 'Corte', '200.00'),
(609, 'Peinado', '300.00'),
(610, 'Corte', '200.00'),
(611, 'Peinado', '300.00'),
(612, 'Alisado', '100.00'),
(613, 'Color', '250.00'),
(614, 'Corte', '200.00'),
(615, 'Peinado', '300.00'),
(616, 'Lavado', '150.00'),
(617, 'Peinado', '300.00'),
(618, 'Corte', '200.00'),
(619, 'Alisado', '100.00'),
(620, 'Corte', '200.00'),
(621, 'Alisado', '100.00'),
(622, 'Color', '250.00'),
(623, 'Color', '250.00'),
(624, 'Corte', '200.00'),
(625, 'Lavado', '150.00'),
(626, 'Peinado', '300.00'),
(627, 'Alisado', '100.00'),
(628, 'Alisado', '100.00'),
(629, 'Corte', '200.00'),
(630, 'Corte', '200.00'),
(631, 'Color', '250.00'),
(632, 'Alisado', '100.00'),
(633, 'Peinado', '300.00'),
(634, 'Corte', '200.00'),
(635, 'Corte', '200.00'),
(636, 'Lavado', '150.00'),
(637, 'Color', '250.00'),
(638, 'Corte', '200.00'),
(639, 'Alisado', '100.00'),
(640, 'Alisado', '100.00'),
(641, 'Color', '250.00'),
(642, 'Color', '250.00'),
(643, 'Lavado', '150.00'),
(644, 'Color', '250.00'),
(645, 'Corte', '200.00'),
(646, 'Color', '250.00'),
(647, 'Corte', '200.00'),
(648, 'Corte', '200.00'),
(649, 'Corte', '200.00'),
(650, 'Peinado', '300.00'),
(651, 'Color', '250.00'),
(652, 'Lavado', '150.00'),
(653, 'Color', '250.00'),
(654, 'Color', '250.00'),
(655, 'Corte', '200.00'),
(656, 'Corte', '200.00'),
(657, 'Corte', '200.00'),
(658, 'Corte', '200.00'),
(659, 'Alisado', '100.00'),
(660, 'Corte', '200.00'),
(661, 'Alisado', '100.00'),
(662, 'Alisado', '100.00'),
(663, 'Corte', '200.00'),
(664, 'Lavado', '150.00'),
(665, 'Corte', '200.00'),
(666, 'Lavado', '150.00'),
(667, 'Corte', '200.00'),
(668, 'Peinado', '300.00'),
(669, 'Peinado', '300.00'),
(670, 'Peinado', '300.00'),
(671, 'Alisado', '100.00'),
(672, 'Alisado', '100.00'),
(673, 'Peinado', '300.00'),
(674, 'Corte', '200.00'),
(675, 'Peinado', '300.00'),
(676, 'Color', '250.00'),
(677, 'Peinado', '300.00'),
(678, 'Corte', '200.00'),
(679, 'Color', '250.00'),
(680, 'Color', '250.00'),
(681, 'Peinado', '300.00'),
(682, 'Corte', '200.00'),
(683, 'Color', '250.00'),
(684, 'Alisado', '100.00'),
(685, 'Corte', '200.00'),
(686, 'Corte', '200.00'),
(687, 'Alisado', '100.00'),
(688, 'Corte', '200.00'),
(689, 'Peinado', '300.00'),
(690, 'Peinado', '300.00'),
(691, 'Color', '250.00'),
(692, 'Peinado', '300.00'),
(693, 'Peinado', '300.00'),
(694, 'Corte', '200.00'),
(695, 'Peinado', '300.00'),
(696, 'Corte', '200.00'),
(697, 'Corte', '200.00'),
(698, 'Corte', '200.00'),
(699, 'Corte', '200.00'),
(700, 'Peinado', '300.00'),
(701, 'Corte', '200.00'),
(702, 'Color', '250.00');

INSERT INTO `TRABAJO_PELUQUERO` (`ID_TRABAJO`, `COMISION`, `ID_SERVICIO`, `ID_PERSONA`) VALUES
(6, 25, 1, 2),
(11, 25, 1, 3),
(1, 25, 1, 1),
(2, 25, 2, 1),
(3, 25, 3, 1),
(4, 25, 4, 1),
(5, 25, 5, 1),
(7, 25, 2, 2),
(8, 25, 3, 2),
(9, 25, 4, 2),
(10, 25, 5, 2),
(12, 25, 2, 3),
(13, 25, 3, 3),
(14, 25, 4, 3),
(15, 25, 5, 3);


INSERT INTO `TRABAJO_TURNO` (`ID_TRABAJO`, `COMISION`, `ID_SERVICIO`, `ID_TURNO`) VALUES
(3, 25, 3, 3),
(2, 25, 2, 2),
(1, 25, 1, 1),
(4, 25, 4, 4),
(5, 25, 5, 5),
(6, 25, 6, 6),
(7, 25, 7, 7),
(8, 25, 8, 8),
(9, 25, 9, 9),
(10, 25, 10, 10),
(11, 25, 11, 11),
(12, 25, 12, 12),
(13, 25, 13, 13),
(14, 25, 14, 14),
(15, 25, 15, 15),
(16, 25, 16, 16),
(17, 25, 17, 17),
(18, 25, 18, 18),
(19, 25, 19, 19),
(20, 25, 20, 20),
(21, 25, 21, 21),
(22, 25, 22, 22),
(23, 25, 23, 23),
(24, 25, 24, 24),
(25, 25, 25, 25),
(26, 25, 26, 26),
(27, 25, 27, 27),
(28, 25, 28, 28),
(29, 25, 29, 29),
(30, 25, 30, 30),
(31, 25, 31, 31),
(32, 25, 32, 32),
(33, 25, 33, 33),
(34, 25, 34, 34),
(35, 25, 35, 35),
(36, 25, 36, 36),
(37, 25, 37, 37),
(38, 25, 38, 38),
(39, 25, 39, 39),
(40, 25, 40, 40),
(41, 25, 41, 41),
(42, 25, 42, 42),
(43, 25, 43, 43),
(44, 25, 44, 44),
(45, 25, 45, 45),
(46, 25, 46, 46),
(47, 25, 47, 47),
(48, 25, 48, 48),
(49, 25, 49, 49),
(50, 25, 50, 50),
(51, 25, 51, 51),
(52, 25, 52, 52),
(53, 25, 53, 53),
(54, 25, 54, 54),
(55, 25, 55, 55),
(56, 25, 56, 56),
(57, 25, 57, 57),
(58, 25, 58, 58),
(59, 25, 59, 59),
(60, 25, 60, 60),
(61, 25, 61, 61),
(62, 25, 62, 62),
(63, 25, 63, 63),
(64, 25, 64, 64),
(65, 25, 65, 65),
(66, 25, 66, 66),
(67, 25, 67, 67),
(68, 25, 68, 68),
(69, 25, 69, 69),
(70, 25, 70, 70),
(71, 25, 71, 71),
(72, 25, 72, 72),
(73, 25, 73, 73),
(74, 25, 74, 74),
(75, 25, 75, 75),
(76, 25, 76, 76),
(77, 25, 77, 77),
(78, 25, 78, 78),
(79, 25, 79, 79),
(80, 25, 80, 80),
(81, 25, 81, 81),
(82, 25, 82, 82),
(83, 25, 83, 83),
(84, 25, 84, 84),
(85, 25, 85, 85),
(86, 25, 86, 86),
(87, 25, 87, 87),
(88, 25, 88, 88),
(89, 25, 89, 89),
(90, 25, 90, 90),
(91, 25, 91, 91),
(92, 25, 92, 92),
(93, 25, 93, 93),
(94, 25, 94, 94),
(95, 25, 95, 95),
(96, 25, 96, 96),
(97, 25, 97, 97),
(98, 25, 98, 98),
(99, 25, 99, 99),
(100, 25, 100, 100),
(101, 25, 101, 101),
(102, 25, 102, 102),
(103, 25, 103, 103),
(104, 25, 104, 104),
(105, 25, 105, 105),
(106, 25, 106, 106),
(107, 25, 107, 107),
(108, 25, 108, 108),
(109, 25, 109, 109),
(110, 25, 110, 110),
(111, 25, 111, 111),
(112, 25, 112, 112),
(113, 25, 113, 113),
(114, 25, 114, 114),
(115, 25, 115, 115),
(116, 25, 116, 116),
(117, 25, 117, 117),
(118, 25, 118, 118),
(119, 25, 119, 119),
(120, 25, 120, 120),
(121, 25, 121, 121),
(122, 25, 122, 122),
(123, 25, 123, 123),
(124, 25, 124, 124),
(125, 25, 125, 125),
(126, 25, 126, 126),
(127, 25, 127, 127),
(128, 25, 128, 128),
(129, 25, 129, 129),
(130, 25, 130, 130),
(131, 25, 131, 131),
(132, 25, 132, 132),
(133, 25, 133, 133),
(134, 25, 134, 134),
(135, 25, 135, 135),
(136, 25, 136, 136),
(137, 25, 137, 137),
(138, 25, 138, 138),
(139, 25, 139, 139),
(140, 25, 140, 140),
(141, 25, 141, 141),
(142, 25, 142, 142),
(143, 25, 143, 143),
(144, 25, 144, 144),
(145, 25, 145, 145),
(146, 25, 146, 146),
(147, 25, 147, 147),
(148, 25, 148, 148),
(149, 25, 149, 149),
(150, 25, 150, 150),
(151, 25, 151, 151),
(152, 25, 152, 152),
(153, 25, 153, 153),
(154, 25, 154, 154),
(155, 25, 155, 155),
(156, 25, 156, 156),
(157, 25, 157, 157),
(158, 25, 158, 158),
(159, 25, 159, 159),
(160, 25, 160, 160),
(161, 25, 161, 161),
(162, 25, 162, 162),
(163, 25, 163, 163),
(164, 25, 164, 164),
(165, 25, 165, 165),
(166, 25, 166, 166),
(167, 25, 167, 167),
(168, 25, 168, 168),
(169, 25, 169, 169),
(170, 25, 170, 170),
(171, 25, 171, 171),
(172, 25, 172, 172),
(173, 25, 173, 173),
(174, 25, 174, 174),
(175, 25, 175, 175),
(176, 25, 176, 176),
(177, 25, 177, 177),
(178, 25, 178, 178),
(179, 25, 179, 179),
(180, 25, 180, 180),
(181, 25, 181, 181),
(182, 25, 182, 182),
(183, 25, 183, 183),
(184, 25, 184, 184),
(185, 25, 185, 185),
(186, 25, 186, 186),
(187, 25, 187, 187),
(188, 25, 188, 188),
(189, 25, 189, 189),
(190, 25, 190, 190),
(191, 25, 191, 191),
(192, 25, 192, 192),
(193, 25, 193, 193),
(194, 25, 194, 194),
(195, 25, 195, 195),
(196, 25, 196, 196),
(197, 25, 197, 197),
(198, 25, 198, 198),
(199, 25, 199, 199),
(200, 25, 200, 200),
(201, 25, 201, 201),
(202, 25, 202, 202),
(203, 25, 203, 203),
(204, 25, 204, 204),
(205, 25, 205, 205),
(206, 25, 206, 206),
(207, 25, 207, 207),
(208, 25, 208, 208),
(209, 25, 209, 209),
(210, 25, 210, 210),
(211, 25, 211, 211),
(212, 25, 212, 212),
(213, 25, 213, 213),
(214, 25, 214, 214),
(215, 25, 215, 215),
(216, 25, 216, 216),
(217, 25, 217, 217),
(218, 25, 218, 218),
(219, 25, 219, 219),
(220, 25, 220, 220),
(221, 25, 221, 221),
(222, 25, 222, 222),
(223, 25, 223, 223),
(224, 25, 224, 224),
(225, 25, 225, 225),
(226, 25, 226, 226),
(227, 25, 227, 227),
(228, 25, 228, 228),
(229, 25, 229, 229),
(230, 25, 230, 230),
(231, 25, 231, 231),
(232, 25, 232, 232),
(233, 25, 233, 233),
(234, 25, 234, 234),
(235, 25, 235, 235),
(236, 25, 236, 236),
(237, 25, 237, 237),
(238, 25, 238, 238),
(239, 25, 239, 239),
(240, 25, 240, 240),
(241, 25, 241, 241),
(242, 25, 242, 242),
(243, 25, 243, 243),
(244, 25, 244, 244),
(245, 25, 245, 245),
(246, 25, 246, 246),
(247, 25, 247, 247),
(248, 25, 248, 248),
(249, 25, 249, 249),
(250, 25, 250, 250),
(251, 25, 251, 251),
(252, 25, 252, 252),
(253, 25, 253, 253),
(254, 25, 254, 254),
(255, 25, 255, 255),
(256, 25, 256, 256),
(257, 25, 257, 257),
(258, 25, 258, 258),
(259, 25, 259, 259),
(260, 25, 260, 260),
(261, 25, 261, 261),
(262, 25, 262, 262),
(263, 25, 263, 263),
(264, 25, 264, 264),
(265, 25, 265, 265),
(266, 25, 266, 266),
(267, 25, 267, 267),
(268, 25, 268, 268),
(269, 25, 269, 269),
(270, 25, 270, 270),
(271, 25, 271, 271),
(272, 25, 272, 272),
(273, 25, 273, 273),
(274, 25, 274, 274),
(275, 25, 275, 275),
(276, 25, 276, 276),
(277, 25, 277, 277),
(278, 25, 278, 278),
(279, 25, 279, 279),
(280, 25, 280, 280),
(281, 25, 281, 281),
(282, 25, 282, 282),
(283, 25, 283, 283),
(284, 25, 284, 284),
(285, 25, 285, 285),
(286, 25, 286, 286),
(287, 25, 287, 287),
(288, 25, 288, 288),
(289, 25, 289, 289),
(290, 25, 290, 290),
(291, 25, 291, 291),
(292, 25, 292, 292),
(293, 25, 293, 293),
(294, 25, 294, 294),
(295, 25, 295, 295),
(296, 25, 296, 296),
(297, 25, 297, 297),
(298, 25, 298, 298),
(299, 25, 299, 299),
(300, 25, 300, 300),
(301, 25, 301, 301),
(302, 25, 302, 302),
(303, 25, 303, 303),
(304, 25, 304, 304),
(305, 25, 305, 305),
(306, 25, 306, 306),
(307, 25, 307, 307),
(308, 25, 308, 308),
(309, 25, 309, 309),
(310, 25, 310, 310),
(311, 25, 311, 311),
(312, 25, 312, 312),
(313, 25, 313, 313),
(314, 25, 314, 314),
(315, 25, 315, 315),
(316, 25, 316, 316),
(317, 25, 317, 317),
(318, 25, 318, 318),
(319, 25, 319, 319),
(320, 25, 320, 320),
(321, 25, 321, 321),
(322, 25, 322, 322),
(323, 25, 323, 323),
(324, 25, 324, 324),
(325, 25, 325, 325),
(326, 25, 326, 326),
(327, 25, 327, 327),
(328, 25, 328, 328),
(329, 25, 329, 329),
(330, 25, 330, 330),
(331, 25, 331, 331),
(332, 25, 332, 332),
(333, 25, 333, 333),
(334, 25, 334, 334),
(335, 25, 335, 335),
(336, 25, 336, 336),
(337, 25, 337, 337),
(338, 25, 338, 338),
(339, 25, 339, 339),
(340, 25, 340, 340),
(341, 25, 341, 341),
(342, 25, 342, 342),
(343, 25, 343, 343),
(344, 25, 344, 344),
(345, 25, 345, 345),
(346, 25, 346, 346),
(347, 25, 347, 347),
(348, 25, 348, 348),
(349, 25, 349, 349),
(350, 25, 350, 350),
(351, 25, 351, 351),
(352, 25, 352, 352),
(353, 25, 353, 353),
(354, 25, 354, 354),
(355, 25, 355, 355),
(356, 25, 356, 356),
(357, 25, 357, 357),
(358, 25, 358, 358),
(359, 25, 359, 359),
(360, 25, 360, 360),
(361, 25, 361, 361),
(362, 25, 362, 362),
(363, 25, 363, 363),
(364, 25, 364, 364),
(365, 25, 365, 365),
(366, 25, 366, 366),
(367, 25, 367, 367),
(368, 25, 368, 368),
(369, 25, 369, 369),
(370, 25, 370, 370),
(371, 25, 371, 371),
(372, 25, 372, 372),
(373, 25, 373, 373),
(374, 25, 374, 374),
(375, 25, 375, 375),
(376, 25, 376, 376),
(377, 25, 377, 377),
(378, 25, 378, 378),
(379, 25, 379, 379),
(380, 25, 380, 380),
(381, 25, 381, 381),
(382, 25, 382, 382),
(383, 25, 383, 383),
(384, 25, 384, 384),
(385, 25, 385, 385),
(386, 25, 386, 386),
(387, 25, 387, 387),
(388, 25, 388, 388),
(389, 25, 389, 389),
(390, 25, 390, 390),
(391, 25, 391, 391),
(392, 25, 392, 392),
(393, 25, 393, 393),
(394, 25, 394, 394),
(395, 25, 395, 395),
(396, 25, 396, 396),
(397, 25, 397, 397),
(398, 25, 398, 398),
(399, 25, 399, 399),
(400, 25, 400, 400),
(401, 25, 401, 401),
(402, 25, 402, 402),
(403, 25, 403, 403),
(404, 25, 404, 404),
(405, 25, 405, 405),
(406, 25, 406, 406),
(407, 25, 407, 407),
(408, 25, 408, 408),
(409, 25, 409, 409),
(410, 25, 410, 410),
(411, 25, 411, 411),
(412, 25, 412, 412),
(413, 25, 413, 413),
(414, 25, 414, 414),
(415, 25, 415, 415),
(416, 25, 416, 416),
(417, 25, 417, 417),
(418, 25, 418, 418),
(419, 25, 419, 419),
(420, 25, 420, 420),
(421, 25, 421, 421),
(422, 25, 422, 422),
(423, 25, 423, 423),
(424, 25, 424, 424),
(425, 25, 425, 425),
(426, 25, 426, 426),
(427, 25, 427, 427),
(428, 25, 428, 428),
(429, 25, 429, 429),
(430, 25, 430, 430),
(431, 25, 431, 431),
(432, 25, 432, 432),
(433, 25, 433, 433),
(434, 25, 434, 434),
(435, 25, 435, 435),
(436, 25, 436, 436),
(437, 25, 437, 437),
(438, 25, 438, 438),
(439, 25, 439, 439),
(440, 25, 440, 440),
(441, 25, 441, 441),
(442, 25, 442, 442),
(443, 25, 443, 443),
(444, 25, 444, 444),
(445, 25, 445, 445),
(446, 25, 446, 446),
(447, 25, 447, 447),
(448, 25, 448, 448),
(449, 25, 449, 449),
(450, 25, 450, 450),
(451, 25, 451, 451),
(452, 25, 452, 452),
(453, 25, 453, 453),
(454, 25, 454, 454),
(455, 25, 455, 455),
(456, 25, 456, 456),
(457, 25, 457, 457),
(458, 25, 458, 458),
(459, 25, 459, 459),
(460, 25, 460, 460),
(461, 25, 461, 461),
(462, 25, 462, 462),
(463, 25, 463, 463),
(464, 25, 464, 464),
(465, 25, 465, 465),
(466, 25, 466, 466),
(467, 25, 467, 467),
(468, 25, 468, 468),
(469, 25, 469, 469),
(470, 25, 470, 470),
(471, 25, 471, 471),
(472, 25, 472, 472),
(473, 25, 473, 473),
(474, 25, 474, 474),
(475, 25, 475, 475),
(476, 25, 476, 476),
(477, 25, 477, 477),
(478, 25, 478, 478),
(479, 25, 479, 479),
(480, 25, 480, 480),
(481, 25, 481, 481),
(482, 25, 482, 482),
(483, 25, 483, 483),
(484, 25, 484, 484),
(485, 25, 485, 485),
(486, 25, 486, 486),
(487, 25, 487, 487),
(488, 25, 488, 488),
(489, 25, 489, 489),
(490, 25, 490, 490),
(491, 25, 491, 491),
(492, 25, 492, 492),
(493, 25, 493, 493),
(494, 25, 494, 494),
(495, 25, 495, 495),
(496, 25, 496, 496),
(497, 25, 497, 497),
(498, 25, 498, 498),
(499, 25, 499, 499),
(500, 25, 500, 500),
(501, 25, 501, 501),
(502, 25, 502, 502),
(503, 25, 503, 503),
(504, 25, 504, 504),
(505, 25, 505, 505),
(506, 25, 506, 506),
(507, 25, 507, 507),
(508, 25, 508, 508),
(509, 25, 509, 509),
(510, 25, 510, 510),
(511, 25, 511, 511),
(512, 25, 512, 512),
(513, 25, 513, 513),
(514, 25, 514, 514),
(515, 25, 515, 515),
(516, 25, 516, 516),
(517, 25, 517, 517),
(518, 25, 518, 518),
(519, 25, 519, 519),
(520, 25, 520, 520),
(521, 25, 521, 521),
(522, 25, 522, 522),
(523, 25, 523, 523),
(524, 25, 524, 524),
(525, 25, 525, 525),
(526, 25, 526, 526),
(527, 25, 527, 527),
(528, 25, 528, 528),
(529, 25, 529, 529),
(530, 25, 530, 530),
(531, 25, 531, 531),
(532, 25, 532, 532),
(533, 25, 533, 533),
(534, 25, 534, 534),
(535, 25, 535, 535),
(536, 25, 536, 536),
(537, 25, 537, 537),
(538, 25, 538, 538),
(539, 25, 539, 539),
(540, 25, 540, 540),
(541, 25, 541, 541),
(542, 25, 542, 542),
(543, 25, 543, 543),
(544, 25, 544, 544),
(545, 25, 545, 545),
(546, 25, 546, 546),
(547, 25, 547, 547),
(548, 25, 548, 548),
(549, 25, 549, 549),
(550, 25, 550, 550),
(551, 25, 551, 551),
(552, 25, 552, 552),
(553, 25, 553, 553),
(554, 25, 554, 554),
(555, 25, 555, 555),
(556, 25, 556, 556),
(557, 25, 557, 557),
(558, 25, 558, 558),
(559, 25, 559, 559),
(560, 25, 560, 560),
(561, 25, 561, 561),
(562, 25, 562, 562),
(563, 25, 563, 563),
(564, 25, 564, 564),
(565, 25, 565, 565),
(566, 25, 566, 566),
(567, 25, 567, 567),
(568, 25, 568, 568),
(569, 25, 569, 569),
(570, 25, 570, 570),
(571, 25, 571, 571),
(572, 25, 572, 572),
(573, 25, 573, 573),
(574, 25, 574, 574),
(575, 25, 575, 575),
(576, 25, 576, 576),
(577, 25, 577, 577),
(578, 25, 578, 578),
(579, 25, 579, 579),
(580, 25, 580, 580),
(581, 25, 581, 581),
(582, 25, 582, 582),
(583, 25, 583, 583),
(584, 25, 584, 584),
(585, 25, 585, 585),
(586, 25, 586, 586),
(587, 25, 587, 587),
(588, 25, 588, 588),
(589, 25, 589, 589),
(590, 25, 590, 590),
(591, 25, 591, 591),
(592, 25, 592, 592),
(593, 25, 593, 593),
(594, 25, 594, 594),
(595, 25, 595, 595),
(596, 25, 596, 596),
(597, 25, 597, 597),
(598, 25, 598, 598),
(599, 25, 599, 599),
(600, 25, 600, 600),
(601, 25, 601, 601),
(602, 25, 602, 602),
(603, 25, 603, 603),
(604, 25, 604, 604),
(605, 25, 605, 605),
(606, 25, 606, 606),
(607, 25, 607, 607),
(608, 25, 608, 608),
(609, 25, 609, 609),
(610, 25, 610, 610),
(611, 25, 611, 611),
(612, 25, 612, 612),
(613, 25, 613, 613),
(614, 25, 614, 614),
(615, 25, 615, 615),
(616, 25, 616, 616),
(617, 25, 617, 617),
(618, 25, 618, 618),
(619, 25, 619, 619),
(620, 25, 620, 620),
(621, 25, 621, 621),
(622, 25, 622, 622),
(623, 25, 623, 623),
(624, 25, 624, 624),
(625, 25, 625, 625),
(626, 25, 626, 626),
(627, 25, 627, 627),
(628, 25, 628, 628),
(629, 25, 629, 629),
(630, 25, 630, 630),
(631, 25, 631, 631),
(632, 25, 632, 632),
(633, 25, 633, 633),
(634, 25, 634, 634),
(635, 25, 635, 635),
(636, 25, 636, 636),
(637, 25, 637, 637),
(638, 25, 638, 638),
(639, 25, 639, 639),
(640, 25, 640, 640),
(641, 25, 641, 641),
(642, 25, 642, 642),
(643, 25, 643, 643),
(644, 25, 644, 644),
(645, 25, 645, 645),
(646, 25, 646, 646),
(647, 25, 647, 647),
(648, 25, 648, 648),
(649, 25, 649, 649),
(650, 25, 650, 650),
(651, 25, 651, 651),
(652, 25, 652, 652),
(653, 25, 653, 653),
(654, 25, 654, 654),
(655, 25, 655, 655),
(656, 25, 656, 656),
(657, 25, 657, 657),
(658, 25, 658, 658),
(659, 25, 659, 659),
(660, 25, 660, 660),
(661, 25, 661, 661),
(662, 25, 662, 662),
(663, 25, 663, 663),
(664, 25, 664, 664),
(665, 25, 665, 665),
(666, 25, 666, 666),
(667, 25, 667, 667),
(668, 25, 668, 668),
(669, 25, 669, 669),
(670, 25, 670, 670),
(671, 25, 671, 671),
(672, 25, 672, 672),
(673, 25, 673, 673),
(674, 25, 674, 674),
(675, 25, 675, 675),
(676, 25, 676, 676),
(677, 25, 677, 677),
(678, 25, 678, 678),
(679, 25, 679, 679),
(680, 25, 680, 680),
(681, 25, 681, 681),
(682, 25, 682, 682),
(683, 25, 683, 683),
(684, 25, 684, 684),
(685, 25, 685, 685),
(686, 25, 686, 686),
(687, 25, 687, 687),
(688, 25, 688, 688),
(689, 25, 689, 689),
(690, 25, 690, 690),
(691, 25, 691, 691),
(692, 25, 692, 692),
(693, 25, 693, 693),
(694, 25, 694, 694),
(695, 25, 695, 695),
(696, 25, 696, 696),
(697, 25, 697, 697),
(698, 25, 698, 698),
(699, 25, 699, 699),
(700, 25, 700, 700),
(701, 25, 701, 701),
(702, 25, 702, 702);


INSERT INTO `TURNOS` (`ID_TURNO`, `DESDE`, `HASTA`, `COBRADO`, `PAGADO`, `ID_CLIENTE`, `ID_PELUQUERO`, `ID_COBRO`, `ID_PAGO`) VALUES
(1, '2018-01-01 08:00:00', '2018-01-01 08:30:00', b'1', b'1', 35, 2, 1, 1000),
(2, '2018-01-01 09:15:00', '2018-01-01 10:00:00', b'1', b'1', 36, 3, 2, 1001),
(3, '2018-01-01 11:15:00', '2018-01-01 11:45:00', b'1', b'1', 33, 2, 3, 1002),
(4, '2018-01-01 15:45:00', '2018-01-01 16:15:00', b'1', b'1', 45, 1, 4, 1003),
(5, '2018-01-01 17:30:00', '2018-01-01 18:00:00', b'1', b'1', 25, 1, 5, 1004),
(6, '2018-01-02 08:30:00', '2018-01-02 09:00:00', b'1', b'1', 40, 1, 6, 1005),
(7, '2018-01-02 10:15:00', '2018-01-02 11:00:00', b'1', b'1', 18, 3, 7, 1006),
(8, '2018-01-02 16:00:00', '2018-01-02 16:30:00', b'1', b'1', 22, 2, 8, 1007),
(9, '2018-01-02 16:45:00', '2018-01-02 17:15:00', b'1', b'1', 24, 2, 9, 1008),
(10, '2018-01-02 17:45:00', '2018-01-02 18:15:00', b'1', b'1', 21, 3, 10, 1009),
(11, '2018-01-02 18:45:00', '2018-01-02 19:00:00', b'1', b'1', 20, 3, 11, 1010),
(12, '2018-01-03 08:15:00', '2018-01-03 08:45:00', b'1', b'1', 43, 1, 12, 1011),
(13, '2018-01-03 10:30:00', '2018-01-03 11:00:00', b'1', b'1', 14, 3, 13, 1012),
(14, '2018-01-03 15:00:00', '2018-01-03 16:00:00', b'1', b'1', 14, 2, 14, 1013),
(15, '2018-01-03 17:00:00', '2018-01-03 17:45:00', b'1', b'1', 20, 3, 15, 1014),
(16, '2018-01-04 08:00:00', '2018-01-04 08:45:00', b'1', b'1', 10, 3, 16, 1015),
(17, '2018-01-04 09:45:00', '2018-01-04 10:30:00', b'1', b'1', 17, 3, 17, 1016),
(18, '2018-01-04 11:00:00', '2018-01-04 11:30:00', b'1', b'1', 52, 2, 18, 1017),
(19, '2018-01-04 15:00:00', '2018-01-04 15:45:00', b'1', b'1', 29, 3, 19, 1018),
(20, '2018-01-04 16:15:00', '2018-01-04 16:45:00', b'1', b'1', 34, 2, 20, 1019),
(21, '2018-01-04 17:00:00', '2018-01-04 17:45:00', b'1', b'1', 27, 1, 21, 1020),
(22, '2018-01-05 08:15:00', '2018-01-05 08:45:00', b'1', b'1', 24, 2, 22, 1021),
(23, '2018-01-05 09:45:00', '2018-01-05 10:00:00', b'1', b'1', 49, 3, 23, 1022),
(24, '2018-01-05 10:15:00', '2018-01-05 11:00:00', b'1', b'1', 31, 2, 24, 1023),
(25, '2018-01-05 11:15:00', '2018-01-05 11:45:00', b'1', b'1', 37, 1, 25, 1024),
(26, '2018-01-05 15:30:00', '2018-01-05 16:15:00', b'1', b'1', 17, 3, 26, 1025),
(27, '2018-01-05 17:00:00', '2018-01-05 17:30:00', b'1', b'1', 47, 2, 27, 1026),
(28, '2018-01-05 17:30:00', '2018-01-05 18:00:00', b'1', b'1', 47, 3, 28, 1027),
(29, '2018-01-06 08:15:00', '2018-01-06 08:45:00', b'1', b'1', 42, 3, 29, 1028),
(30, '2018-01-06 09:30:00', '2018-01-06 09:45:00', b'1', b'1', 24, 1, 30, 1029),
(31, '2018-01-06 10:15:00', '2018-01-06 10:45:00', b'1', b'1', 52, 2, 31, 1030),
(32, '2018-01-06 11:30:00', '2018-01-06 12:00:00', b'1', b'1', 44, 2, 32, 1031),
(33, '2018-01-06 15:00:00', '2018-01-06 15:30:00', b'1', b'1', 25, 3, 33, 1032),
(34, '2018-01-06 16:00:00', '2018-01-06 16:45:00', b'1', b'1', 35, 2, 34, 1033),
(35, '2018-01-06 16:45:00', '2018-01-06 17:30:00', b'1', b'1', 39, 2, 35, 1034),
(36, '2018-01-07 08:45:00', '2018-01-07 09:00:00', b'1', b'1', 42, 2, 36, 1035),
(37, '2018-01-07 10:00:00', '2018-01-07 10:45:00', b'1', b'1', 27, 2, 37, 1036),
(38, '2018-01-07 11:30:00', '2018-01-07 12:30:00', b'1', b'1', 49, 3, 38, 1037),
(39, '2018-01-07 16:00:00', '2018-01-07 16:30:00', b'1', b'1', 24, 3, 39, 1038),
(40, '2018-01-07 17:00:00', '2018-01-07 17:30:00', b'1', b'1', 51, 1, 40, 1039),
(41, '2018-01-07 17:30:00', '2018-01-07 18:00:00', b'1', b'1', 53, 3, 41, 1040),
(42, '2018-01-08 08:15:00', '2018-01-08 08:45:00', b'1', b'1', 20, 1, 42, 1041),
(43, '2018-01-08 09:30:00', '2018-01-08 10:45:00', b'1', b'1', 12, 1, 43, 1042),
(44, '2018-01-08 10:45:00', '2018-01-08 11:30:00', b'1', b'1', 24, 3, 44, 1043),
(45, '2018-01-08 16:00:00', '2018-01-08 17:15:00', b'1', b'1', 23, 1, 45, 1044),
(46, '2018-01-08 17:15:00', '2018-01-08 17:30:00', b'1', b'1', 18, 3, 46, 1045),
(47, '2018-01-08 18:00:00', '2018-01-08 18:30:00', b'1', b'1', 48, 2, 47, 1046),
(48, '2018-01-09 08:30:00', '2018-01-09 08:45:00', b'1', b'1', 41, 2, 48, 1047),
(49, '2018-01-09 09:30:00', '2018-01-09 10:00:00', b'1', b'1', 26, 1, 49, 1048),
(50, '2018-01-09 10:30:00', '2018-01-09 11:15:00', b'1', b'1', 26, 3, 50, 1049),
(51, '2018-01-09 16:00:00', '2018-01-09 16:30:00', b'1', b'1', 40, 1, 51, 1050),
(52, '2018-01-09 16:30:00', '2018-01-09 17:15:00', b'1', b'1', 45, 1, 52, 1051),
(53, '2018-01-09 17:45:00', '2018-01-09 18:15:00', b'1', b'1', 15, 3, 53, 1052),
(54, '2018-01-10 08:00:00', '2018-01-10 08:45:00', b'1', b'1', 28, 3, 54, 1053),
(55, '2018-01-10 09:00:00', '2018-01-10 09:15:00', b'1', b'1', 26, 1, 55, 1054),
(56, '2018-01-10 09:45:00', '2018-01-10 10:15:00', b'1', b'1', 30, 1, 56, 1055),
(57, '2018-01-10 10:45:00', '2018-01-10 11:30:00', b'1', b'1', 15, 1, 57, 1056),
(58, '2018-01-10 16:00:00', '2018-01-10 16:30:00', b'1', b'1', 41, 1, 58, 1057),
(59, '2018-01-10 17:00:00', '2018-01-10 17:30:00', b'1', b'1', 41, 3, 59, 1058),
(60, '2018-01-10 17:45:00', '2018-01-10 18:00:00', b'1', b'1', 19, 2, 60, 1059),
(61, '2018-01-11 09:00:00', '2018-01-11 09:30:00', b'1', b'1', 37, 3, 61, 1060),
(62, '2018-01-11 10:00:00', '2018-01-11 10:30:00', b'1', b'1', 46, 3, 62, 1061),
(63, '2018-01-11 10:45:00', '2018-01-11 11:15:00', b'1', b'1', 43, 3, 63, 1062),
(64, '2018-01-11 11:30:00', '2018-01-11 12:00:00', b'1', b'1', 21, 3, 64, 1063),
(65, '2018-01-11 16:30:00', '2018-01-11 17:00:00', b'1', b'1', 37, 2, 65, 1064),
(66, '2018-01-11 17:30:00', '2018-01-11 18:00:00', b'1', b'1', 55, 3, 66, 1065),
(67, '2018-01-11 18:00:00', '2018-01-11 18:30:00', b'1', b'1', 57, 3, 67, 1066),
(68, '2018-01-12 08:30:00', '2018-01-12 09:15:00', b'1', b'1', 38, 3, 68, 1067),
(69, '2018-01-12 09:45:00', '2018-01-12 10:15:00', b'1', b'1', 46, 2, 69, 1068),
(70, '2018-01-12 10:45:00', '2018-01-12 11:30:00', b'1', b'1', 23, 1, 70, 1069),
(71, '2018-01-12 11:45:00', '2018-01-12 12:15:00', b'1', b'1', 14, 3, 71, 1070),
(72, '2018-01-12 17:00:00', '2018-01-12 17:30:00', b'1', b'1', 38, 3, 72, 1071),
(73, '2018-01-12 17:45:00', '2018-01-12 18:30:00', b'1', b'1', 21, 3, 73, 1072),
(74, '2018-01-12 18:30:00', '2018-01-12 19:00:00', b'1', b'1', 25, 1, 74, 1073),
(75, '2018-01-13 08:15:00', '2018-01-13 08:45:00', b'1', b'1', 52, 1, 75, 1074),
(76, '2018-01-13 09:00:00', '2018-01-13 09:30:00', b'1', b'1', 34, 2, 76, 1075),
(77, '2018-01-13 10:15:00', '2018-01-13 10:45:00', b'1', b'1', 10, 1, 77, 1076),
(78, '2018-01-13 11:00:00', '2018-01-13 11:30:00', b'1', b'1', 49, 1, 78, 1077),
(79, '2018-01-13 11:45:00', '2018-01-13 12:15:00', b'1', b'1', 48, 2, 79, 1078),
(80, '2018-01-13 16:00:00', '2018-01-13 16:30:00', b'1', b'1', 26, 3, 80, 1079),
(81, '2018-01-13 17:30:00', '2018-01-13 18:00:00', b'1', b'1', 60, 3, 81, 1080),
(82, '2018-01-14 08:45:00', '2018-01-14 09:15:00', b'1', b'1', 53, 2, 82, 1081),
(83, '2018-01-14 09:45:00', '2018-01-14 10:15:00', b'1', b'1', 36, 3, 83, 1082),
(84, '2018-01-14 10:45:00', '2018-01-14 11:30:00', b'1', b'1', 15, 1, 84, 1083),
(85, '2018-01-14 11:45:00', '2018-01-14 12:15:00', b'1', b'1', 44, 2, 85, 1084),
(86, '2018-01-14 16:30:00', '2018-01-14 17:00:00', b'1', b'1', 58, 3, 86, 1085),
(87, '2018-01-14 17:00:00', '2018-01-14 17:30:00', b'1', b'1', 31, 2, 87, 1086),
(88, '2018-01-14 17:30:00', '2018-01-14 18:00:00', b'1', b'1', 12, 1, 88, 1087),
(89, '2018-01-15 09:00:00', '2018-01-15 09:30:00', b'1', b'1', 11, 3, 89, 1088),
(90, '2018-01-15 09:45:00', '2018-01-15 10:15:00', b'1', b'1', 14, 2, 90, 1089),
(91, '2018-01-15 10:30:00', '2018-01-15 11:00:00', b'1', b'1', 37, 2, 91, 1090),
(92, '2018-01-15 11:15:00', '2018-01-15 11:45:00', b'1', b'1', 42, 1, 92, 1091),
(93, '2018-01-15 16:00:00', '2018-01-15 16:45:00', b'1', b'1', 41, 1, 93, 1092),
(94, '2018-01-15 17:30:00', '2018-01-15 18:00:00', b'1', b'1', 45, 3, 94, 1093),
(95, '2018-01-15 18:00:00', '2018-01-15 18:30:00', b'1', b'1', 56, 1, 95, 1094),
(96, '2018-01-16 09:00:00', '2018-01-16 09:30:00', b'1', b'1', 27, 1, 96, 1095),
(97, '2018-01-16 10:00:00', '2018-01-16 10:30:00', b'1', b'1', 36, 1, 97, 1096),
(98, '2018-01-16 11:00:00', '2018-01-16 11:30:00', b'1', b'1', 39, 3, 98, 1097),
(99, '2018-01-16 11:45:00', '2018-01-16 12:30:00', b'1', b'1', 15, 1, 99, 1098),
(100, '2018-01-16 16:30:00', '2018-01-16 17:00:00', b'1', b'1', 22, 3, 100, 1099),
(101, '2018-01-16 17:30:00', '2018-01-16 18:00:00', b'1', b'1', 22, 3, 101, 1100),
(102, '2018-01-17 08:15:00', '2018-01-17 09:15:00', b'1', b'1', 44, 2, 102, 1101),
(103, '2018-01-17 10:00:00', '2018-01-17 10:30:00', b'1', b'1', 28, 3, 103, 1102),
(104, '2018-01-17 11:00:00', '2018-01-17 11:30:00', b'1', b'1', 12, 2, 104, 1103),
(105, '2018-01-17 16:00:00', '2018-01-17 16:30:00', b'1', b'1', 23, 2, 105, 1104),
(106, '2018-01-17 16:45:00', '2018-01-17 17:15:00', b'1', b'1', 47, 3, 106, 1105),
(107, '2018-01-17 17:30:00', '2018-01-17 18:00:00', b'1', b'1', 51, 2, 107, 1106),
(108, '2018-01-18 09:00:00', '2018-01-18 09:45:00', b'1', b'1', 54, 2, 108, 1107),
(109, '2018-01-18 10:15:00', '2018-01-18 10:45:00', b'1', b'1', 36, 2, 109, 1108),
(110, '2018-01-18 11:30:00', '2018-01-18 12:00:00', b'1', b'1', 24, 3, 110, 1109),
(111, '2018-01-18 16:30:00', '2018-01-18 17:00:00', b'1', b'1', 26, 3, 111, 1110),
(112, '2018-01-18 17:00:00', '2018-01-18 17:30:00', b'1', b'1', 47, 2, 112, 1111),
(113, '2018-01-18 17:30:00', '2018-01-18 18:15:00', b'1', b'1', 57, 1, 113, 1112),
(114, '2018-01-19 09:15:00', '2018-01-19 09:45:00', b'1', b'1', 12, 3, 114, 1113),
(115, '2018-01-19 10:30:00', '2018-01-19 11:00:00', b'1', b'1', 57, 1, 115, 1114),
(116, '2018-01-19 12:00:00', '2018-01-19 12:30:00', b'1', b'1', 46, 2, 116, 1115),
(117, '2018-01-19 16:00:00', '2018-01-19 16:30:00', b'1', b'1', 25, 1, 117, 1116),
(118, '2018-01-19 17:30:00', '2018-01-19 17:45:00', b'1', b'1', 46, 2, 118, 1117),
(119, '2018-01-19 18:00:00', '2018-01-19 18:30:00', b'1', b'1', 49, 3, 119, 1118),
(120, '2018-01-19 18:30:00', '2018-01-19 19:00:00', b'1', b'1', 36, 1, 120, 1119),
(121, '2018-01-20 08:00:00', '2018-01-20 08:30:00', b'1', b'1', 45, 1, 121, 1120),
(122, '2018-01-20 10:30:00', '2018-01-20 11:00:00', b'1', b'1', 13, 3, 122, 1121),
(123, '2018-01-20 11:15:00', '2018-01-20 11:45:00', b'1', b'1', 22, 1, 123, 1122),
(124, '2018-01-20 12:00:00', '2018-01-20 12:30:00', b'1', b'1', 22, 2, 124, 1123),
(125, '2018-01-20 15:00:00', '2018-01-20 15:45:00', b'1', b'1', 50, 3, 125, 1124),
(126, '2018-01-20 17:00:00', '2018-01-20 17:30:00', b'1', b'1', 58, 2, 126, 1125),
(127, '2018-01-20 18:00:00', '2018-01-20 18:45:00', b'1', b'1', 34, 3, 127, 1126),
(128, '2018-01-21 08:30:00', '2018-01-21 09:15:00', b'1', b'1', 16, 1, 128, 1127),
(129, '2018-01-21 10:15:00', '2018-01-21 10:45:00', b'1', b'1', 47, 2, 129, 1128),
(130, '2018-01-21 11:00:00', '2018-01-21 11:30:00', b'1', b'1', 17, 3, 130, 1129),
(131, '2018-01-21 11:45:00', '2018-01-21 12:30:00', b'1', b'1', 25, 1, 131, 1130),
(132, '2018-01-21 16:30:00', '2018-01-21 17:00:00', b'1', b'1', 26, 2, 132, 1131),
(133, '2018-01-21 17:00:00', '2018-01-21 17:30:00', b'1', b'1', 37, 2, 133, 1132),
(134, '2018-01-21 18:00:00', '2018-01-21 18:45:00', b'1', b'1', 48, 1, 134, 1133),
(135, '2018-01-22 08:15:00', '2018-01-22 09:15:00', b'1', b'1', 23, 2, 135, 1134),
(136, '2018-01-22 10:00:00', '2018-01-22 10:30:00', b'1', b'1', 50, 3, 136, 1135),
(137, '2018-01-22 11:00:00', '2018-01-22 11:45:00', b'1', b'1', 54, 2, 137, 1136),
(138, '2018-01-22 12:00:00', '2018-01-22 12:30:00', b'1', b'1', 19, 2, 138, 1137),
(139, '2018-01-22 15:00:00', '2018-01-22 15:45:00', b'1', b'1', 26, 1, 139, 1138),
(140, '2018-01-22 17:00:00', '2018-01-22 17:30:00', b'1', b'1', 38, 2, 140, 1139),
(141, '2018-01-23 09:15:00', '2018-01-23 09:45:00', b'1', b'1', 35, 2, 141, 1140),
(142, '2018-01-23 10:30:00', '2018-01-23 11:00:00', b'1', b'1', 10, 1, 142, 1141),
(143, '2018-01-23 11:15:00', '2018-01-23 11:45:00', b'1', b'1', 55, 2, 143, 1142),
(144, '2018-01-23 16:00:00', '2018-01-23 16:30:00', b'1', b'1', 44, 3, 144, 1143),
(145, '2018-01-23 17:00:00', '2018-01-23 17:30:00', b'1', b'1', 52, 2, 145, 1144),
(146, '2018-01-24 08:15:00', '2018-01-24 09:15:00', b'1', b'1', 12, 2, 146, 1145),
(147, '2018-01-24 10:15:00', '2018-01-24 10:45:00', b'1', b'1', 30, 3, 147, 1146),
(148, '2018-01-24 11:30:00', '2018-01-24 12:00:00', b'1', b'1', 14, 1, 148, 1147),
(149, '2018-01-24 16:30:00', '2018-01-24 17:00:00', b'1', b'1', 12, 1, 149, 1148),
(150, '2018-01-24 17:00:00', '2018-01-24 17:30:00', b'1', b'1', 56, 3, 150, 1149),
(151, '2018-01-24 17:30:00', '2018-01-24 18:00:00', b'1', b'1', 18, 2, 151, 1150),
(152, '2018-01-24 18:00:00', '2018-01-24 18:45:00', b'1', b'1', 29, 1, 152, 1151),
(153, '2018-01-25 09:00:00', '2018-01-25 09:45:00', b'1', b'1', 32, 1, 153, 1152),
(154, '2018-01-25 10:15:00', '2018-01-25 10:30:00', b'1', b'1', 48, 2, 154, 1153),
(155, '2018-01-25 10:45:00', '2018-01-25 11:30:00', b'1', b'1', 29, 1, 155, 1154),
(156, '2018-01-25 11:45:00', '2018-01-25 12:15:00', b'1', b'1', 27, 1, 156, 1155),
(157, '2018-01-25 16:30:00', '2018-01-25 17:00:00', b'1', b'1', 46, 1, 157, 1156),
(158, '2018-01-25 17:00:00', '2018-01-25 17:45:00', b'1', b'1', 10, 2, 158, 1157),
(159, '2018-01-25 17:45:00', '2018-01-25 18:30:00', b'1', b'1', 55, 1, 159, 1158),
(160, '2018-01-26 08:30:00', '2018-01-26 09:15:00', b'1', b'1', 21, 3, 160, 1159),
(161, '2018-01-26 10:00:00', '2018-01-26 10:30:00', b'1', b'1', 44, 2, 161, 1160),
(162, '2018-01-26 10:45:00', '2018-01-26 11:30:00', b'1', b'1', 23, 3, 162, 1161),
(163, '2018-01-26 16:00:00', '2018-01-26 16:30:00', b'1', b'1', 59, 3, 163, 1162),
(164, '2018-01-26 17:15:00', '2018-01-26 18:00:00', b'1', b'1', 40, 2, 164, 1163),
(165, '2018-01-27 09:30:00', '2018-01-27 10:00:00', b'1', b'1', 28, 1, 165, 1164),
(166, '2018-01-27 10:30:00', '2018-01-27 11:00:00', b'1', b'1', 58, 2, 166, 1165),
(167, '2018-01-27 11:30:00', '2018-01-27 12:15:00', b'1', b'1', 60, 2, 167, 1166),
(168, '2018-01-27 16:30:00', '2018-01-27 17:00:00', b'1', b'1', 11, 3, 168, 1167),
(169, '2018-01-27 17:15:00', '2018-01-27 18:15:00', b'1', b'1', 60, 3, 169, 1168),
(170, '2018-01-27 18:30:00', '2018-01-27 19:00:00', b'1', b'1', 18, 2, 170, 1169),
(171, '2018-01-28 08:00:00', '2018-01-28 09:15:00', b'1', b'1', 42, 1, 171, 1170),
(172, '2018-01-28 10:30:00', '2018-01-28 11:00:00', b'1', b'1', 26, 3, 172, 1171),
(173, '2018-01-28 11:30:00', '2018-01-28 11:45:00', b'1', b'1', 56, 1, 173, 1172),
(174, '2018-01-28 16:30:00', '2018-01-28 17:00:00', b'1', b'1', 37, 3, 174, 1173),
(175, '2018-01-28 17:00:00', '2018-01-28 17:45:00', b'1', b'1', 21, 2, 175, 1174),
(176, '2018-01-28 18:00:00', '2018-01-28 18:30:00', b'1', b'1', 44, 3, 176, 1175),
(177, '2018-01-28 18:30:00', '2018-01-28 19:00:00', b'1', b'1', 44, 2, 177, 1176),
(178, '2018-01-29 08:15:00', '2018-01-29 09:15:00', b'1', b'1', 38, 2, 178, 1177),
(179, '2018-01-29 10:30:00', '2018-01-29 11:00:00', b'1', b'1', 30, 2, 179, 1178),
(180, '2018-01-29 11:45:00', '2018-01-29 12:15:00', b'1', b'1', 31, 3, 180, 1179),
(181, '2018-01-29 15:30:00', '2018-01-29 16:15:00', b'1', b'1', 54, 3, 181, 1180),
(182, '2018-01-29 18:00:00', '2018-01-29 18:30:00', b'1', b'1', 25, 1, 182, 1181),
(183, '2018-01-29 18:30:00', '2018-01-28 19:00:00', b'1', b'1', 48, 2, 183, 1182),
(184, '2018-01-30 09:45:00', '2018-01-30 10:15:00', b'1', b'1', 60, 2, 184, 1183),
(185, '2018-01-30 10:45:00', '2018-01-30 11:15:00', b'1', b'1', 23, 2, 185, 1184),
(186, '2018-01-30 11:45:00', '2018-01-30 12:15:00', b'1', b'1', 12, 2, 186, 1185),
(187, '2018-01-30 16:30:00', '2018-01-30 17:00:00', b'1', b'1', 53, 3, 187, 1186),
(188, '2018-01-30 17:00:00', '2018-01-30 17:45:00', b'1', b'1', 21, 1, 188, 1187),
(189, '2018-01-30 18:30:00', '2018-01-30 19:00:00', b'1', b'1', 20, 3, 189, 1188),
(190, '2018-01-31 08:15:00', '2018-01-31 09:15:00', b'1', b'1', 55, 3, 190, 1189),
(191, '2018-01-31 10:30:00', '2018-01-31 11:00:00', b'1', b'1', 56, 2, 191, 1190),
(192, '2018-01-31 11:15:00', '2018-01-31 11:45:00', b'1', b'1', 12, 3, 192, 1191),
(193, '2018-01-31 15:30:00', '2018-01-31 16:30:00', b'1', b'1', 52, 2, 193, 1192),
(194, '2018-01-31 16:45:00', '2018-01-31 17:30:00', b'1', b'1', 38, 2, 194, 1193),
(195, '2018-01-31 17:30:00', '2018-01-31 18:00:00', b'1', b'1', 36, 3, 195, 1194),
(196, '2018-02-01 09:00:00', '2018-02-01 09:45:00', b'1', b'1', 44, 2, 196, 1195),
(197, '2018-02-01 10:00:00', '2018-02-01 10:30:00', b'1', b'1', 34, 3, 197, 1196),
(198, '2018-02-01 11:00:00', '2018-02-01 11:30:00', b'1', b'1', 59, 1, 198, 1197),
(199, '2018-02-01 15:00:00', '2018-02-01 15:30:00', b'1', b'1', 51, 3, 199, 1198),
(200, '2018-02-01 16:00:00', '2018-02-01 16:30:00', b'1', b'1', 39, 3, 200, 1199),
(201, '2018-02-01 16:30:00', '2018-02-01 17:15:00', b'1', b'1', 15, 1, 201, 1200),
(202, '2018-02-02 08:30:00', '2018-02-02 09:15:00', b'1', b'1', 35, 3, 202, 1201),
(203, '2018-02-02 10:45:00', '2018-02-02 11:45:00', b'1', b'1', 59, 3, 203, 1202),
(204, '2018-02-02 12:15:00', '2018-02-02 12:30:00', b'1', b'1', 59, 2, 204, 1203),
(205, '2018-02-02 16:30:00', '2018-02-02 17:15:00', b'1', b'1', 13, 3, 205, 1204),
(206, '2018-02-02 17:30:00', '2018-02-02 18:00:00', b'1', b'1', 18, 1, 206, 1205),
(207, '2018-02-02 18:00:00', '2018-02-02 18:30:00', b'1', b'1', 42, 3, 207, 1206),
(208, '2018-02-03 09:45:00', '2018-02-03 10:15:00', b'1', b'1', 53, 2, 208, 1207),
(209, '2018-02-03 10:30:00', '2018-02-03 11:00:00', b'1', b'1', 37, 1, 209, 1208),
(210, '2018-02-03 11:45:00', '2018-02-03 12:30:00', b'1', b'1', 26, 3, 210, 1209),
(211, '2018-02-03 16:00:00', '2018-02-03 16:30:00', b'1', b'1', 50, 2, 211, 1210),
(212, '2018-02-03 17:00:00', '2018-02-03 17:15:00', b'1', b'1', 44, 1, 212, 1211),
(213, '2018-02-03 17:45:00', '2018-02-03 18:15:00', b'1', b'1', 10, 1, 213, 1212),
(214, '2018-02-04 09:15:00', '2018-02-04 10:15:00', b'1', b'1', 34, 2, 214, 1213),
(215, '2018-02-04 10:45:00', '2018-02-04 11:30:00', b'1', b'1', 43, 1, 215, 1214),
(216, '2018-02-04 11:45:00', '2018-02-04 12:15:00', b'1', b'1', 10, 2, 216, 1215),
(217, '2018-02-04 16:30:00', '2018-02-04 17:00:00', b'1', b'1', 47, 1, 217, 1216),
(218, '2018-02-04 17:00:00', '2018-02-04 17:30:00', b'1', b'1', 44, 3, 218, 1217),
(219, '2018-02-04 17:45:00', '2018-02-04 18:15:00', b'1', b'1', 36, 2, 219, 1218),
(220, '2018-02-05 08:15:00', '2018-02-05 09:15:00', b'1', b'1', 17, 3, 220, 1219),
(221, '2018-02-05 10:15:00', '2018-02-05 10:45:00', b'1', b'1', 54, 1, 221, 1220),
(222, '2018-02-05 11:00:00', '2018-02-05 11:45:00', b'1', b'1', 25, 3, 222, 1221),
(223, '2018-02-05 15:00:00', '2018-02-05 15:45:00', b'1', b'1', 35, 3, 223, 1222),
(224, '2018-02-05 16:00:00', '2018-02-05 16:30:00', b'1', b'1', 17, 2, 224, 1223),
(225, '2018-02-05 17:00:00', '2018-02-05 17:45:00', b'1', b'1', 60, 3, 225, 1224),
(226, '2018-02-05 17:45:00', '2018-02-05 18:30:00', b'1', b'1', 37, 3, 226, 1225),
(227, '2018-02-06 09:15:00', '2018-02-06 09:45:00', b'1', b'1', 27, 2, 227, 1226),
(228, '2018-02-06 10:30:00', '2018-02-06 11:00:00', b'1', b'1', 47, 2, 228, 1227),
(229, '2018-02-06 11:15:00', '2018-02-06 12:15:00', b'1', b'1', 36, 3, 229, 1228),
(230, '2018-02-06 16:00:00', '2018-02-06 16:30:00', b'1', b'1', 45, 1, 230, 1229),
(231, '2018-02-06 17:00:00', '2018-02-06 17:45:00', b'1', b'1', 16, 3, 231, 1230),
(232, '2018-02-07 08:15:00', '2018-02-07 09:00:00', b'1', b'1', 22, 3, 232, 1231),
(233, '2018-02-07 10:45:00', '2018-02-07 11:30:00', b'1', b'1', 48, 2, 233, 1232),
(234, '2018-02-07 11:45:00', '2018-02-07 12:15:00', b'1', b'1', 18, 2, 234, 1233),
(235, '2018-02-07 16:00:00', '2018-02-07 16:30:00', b'1', b'1', 53, 2, 235, 1234),
(236, '2018-02-07 17:00:00', '2018-02-07 17:45:00', b'1', b'1', 60, 2, 236, 1235),
(237, '2018-02-08 09:45:00', '2018-02-08 10:15:00', b'1', b'1', 52, 3, 237, 1236),
(238, '2018-02-08 10:45:00', '2018-02-08 11:15:00', b'1', b'1', 40, 1, 238, 1237),
(239, '2018-02-08 11:45:00', '2018-02-08 12:15:00', b'1', b'1', 32, 3, 239, 1238),
(240, '2018-02-08 16:00:00', '2018-02-08 16:30:00', b'1', b'1', 54, 3, 240, 1239),
(241, '2018-02-08 17:00:00', '2018-02-08 17:30:00', b'1', b'1', 30, 3, 241, 1240),
(242, '2018-02-08 17:30:00', '2018-02-08 18:00:00', b'1', b'1', 45, 2, 242, 1241),
(243, '2018-02-09 08:15:00', '2018-02-09 09:00:00', b'1', b'1', 26, 2, 243, 1242),
(244, '2018-02-09 09:15:00', '2018-02-09 09:45:00', b'1', b'1', 11, 1, 244, 1243),
(245, '2018-02-09 10:15:00', '2018-02-09 10:45:00', b'1', b'1', 37, 3, 245, 1244),
(246, '2018-02-09 11:00:00', '2018-02-09 11:45:00', b'1', b'1', 33, 1, 246, 1245),
(247, '2018-02-09 15:00:00', '2018-02-09 15:45:00', b'1', b'1', 43, 1, 247, 1246),
(248, '2018-02-09 16:00:00', '2018-02-09 16:30:00', b'1', b'1', 31, 2, 248, 1247),
(249, '2018-02-09 17:30:00', '2018-02-09 18:00:00', b'1', b'1', 29, 1, 249, 1248),
(250, '2018-02-10 10:30:00', '2018-02-10 11:00:00', b'1', b'1', 43, 3, 250, 1249),
(251, '2018-02-10 11:00:00', '2018-02-10 11:30:00', b'1', b'1', 21, 1, 251, 1250),
(252, '2018-02-10 11:45:00', '2018-02-10 12:30:00', b'1', b'1', 39, 3, 252, 1251),
(253, '2018-02-10 16:30:00', '2018-02-10 17:00:00', b'1', b'1', 59, 1, 253, 1252),
(254, '2018-02-10 17:15:00', '2018-02-10 17:45:00', b'1', b'1', 10, 3, 254, 1253),
(255, '2018-02-10 18:00:00', '2018-02-10 18:30:00', b'1', b'1', 51, 3, 255, 1254),
(256, '2018-02-11 08:30:00', '2018-02-11 09:00:00', b'1', b'1', 56, 1, 256, 1255),
(257, '2018-02-11 09:15:00', '2018-02-11 09:45:00', b'1', b'1', 55, 3, 257, 1256),
(258, '2018-02-11 10:45:00', '2018-02-11 11:15:00', b'1', b'1', 54, 2, 258, 1257),
(259, '2018-02-11 11:30:00', '2018-02-11 12:15:00', b'1', b'1', 13, 1, 259, 1258),
(260, '2018-02-11 16:00:00', '2018-02-11 16:30:00', b'1', b'1', 43, 3, 260, 1259),
(261, '2018-02-11 17:30:00', '2018-02-11 18:15:00', b'1', b'1', 21, 1, 261, 1260),
(262, '2018-02-12 10:00:00', '2018-02-12 10:30:00', b'1', b'1', 30, 2, 262, 1261),
(263, '2018-02-12 10:45:00', '2018-02-12 11:15:00', b'1', b'1', 55, 2, 263, 1262),
(264, '2018-02-12 11:45:00', '2018-02-12 12:30:00', b'1', b'1', 18, 2, 264, 1263),
(265, '2018-02-12 16:00:00', '2018-02-12 16:30:00', b'1', b'1', 36, 2, 265, 1264),
(266, '2018-02-12 17:00:00', '2018-02-12 17:30:00', b'1', b'1', 30, 1, 266, 1265),
(267, '2018-02-12 18:15:00', '2018-02-12 18:45:00', b'1', b'1', 45, 2, 267, 1266),
(268, '2018-02-13 08:15:00', '2018-02-13 09:00:00', b'1', b'1', 36, 3, 268, 1267),
(269, '2018-02-13 10:30:00', '2018-02-13 11:00:00', b'1', b'1', 20, 2, 269, 1268),
(270, '2018-02-13 12:00:00', '2018-02-13 12:30:00', b'1', b'1', 10, 3, 270, 1269),
(271, '2018-02-13 15:00:00', '2018-02-13 16:00:00', b'1', b'1', 46, 3, 271, 1270),
(272, '2018-02-13 16:00:00', '2018-02-13 16:30:00', b'1', b'1', 28, 3, 272, 1271),
(273, '2018-02-13 17:30:00', '2018-02-13 18:15:00', b'1', b'1', 30, 3, 273, 1272),
(274, '2018-02-14 09:15:00', '2018-02-14 10:00:00', b'1', b'1', 37, 2, 274, 1273),
(275, '2018-02-14 10:30:00', '2018-02-14 11:00:00', b'1', b'1', 41, 3, 275, 1274),
(276, '2018-02-14 11:30:00', '2018-02-14 12:00:00', b'1', b'1', 42, 3, 276, 1275),
(277, '2018-02-14 16:30:00', '2018-02-14 17:00:00', b'1', b'1', 23, 1, 277, 1276),
(278, '2018-02-14 17:00:00', '2018-02-14 17:30:00', b'1', b'1', 29, 3, 278, 1277),
(279, '2018-02-14 18:00:00', '2018-02-14 18:30:00', b'1', b'1', 27, 1, 279, 1278),
(280, '2018-02-15 09:00:00', '2018-02-15 09:15:00', b'1', b'1', 35, 1, 280, 1279),
(281, '2018-02-15 10:00:00', '2018-02-15 10:30:00', b'1', b'1', 13, 2, 281, 1280),
(282, '2018-02-15 10:45:00', '2018-02-15 11:30:00', b'1', b'1', 11, 1, 282, 1281),
(283, '2018-02-15 11:45:00', '2018-02-15 12:30:00', b'1', b'1', 56, 1, 283, 1282),
(284, '2018-02-15 16:30:00', '2018-02-15 17:00:00', b'1', b'1', 50, 3, 284, 1283),
(285, '2018-02-15 17:30:00', '2018-02-15 18:00:00', b'1', b'1', 42, 3, 285, 1284),
(286, '2018-02-16 10:15:00', '2018-02-16 10:45:00', b'1', b'1', 27, 2, 286, 1285),
(287, '2018-02-16 11:45:00', '2018-02-16 12:30:00', b'1', b'1', 40, 3, 287, 1286),
(288, '2018-02-16 16:00:00', '2018-02-16 17:15:00', b'1', b'1', 37, 2, 288, 1287),
(289, '2018-02-16 17:00:00', '2018-02-16 17:30:00', b'1', b'1', 59, 2, 289, 1288),
(290, '2018-02-16 17:30:00', '2018-02-16 18:00:00', b'1', b'1', 57, 1, 290, 1289),
(291, '2018-02-16 18:00:00', '2018-02-16 18:30:00', b'1', b'1', 13, 1, 291, 1290),
(292, '2018-02-17 09:15:00', '2018-02-17 10:15:00', b'1', b'1', 25, 3, 292, 1291),
(293, '2018-02-17 10:30:00', '2018-02-17 11:45:00', b'1', b'1', 57, 3, 293, 1292),
(294, '2018-02-17 15:00:00', '2018-02-17 16:00:00', b'1', b'1', 16, 2, 294, 1293),
(295, '2018-02-17 16:00:00', '2018-02-17 16:30:00', b'1', b'1', 28, 3, 295, 1294),
(296, '2018-02-17 16:30:00', '2018-02-17 17:00:00', b'1', b'1', 43, 3, 296, 1295),
(297, '2018-02-18 08:15:00', '2018-02-18 09:00:00', b'1', b'1', 11, 2, 297, 1296),
(298, '2018-02-18 10:30:00', '2018-02-18 11:00:00', b'1', b'1', 10, 2, 298, 1297),
(299, '2018-02-18 11:45:00', '2018-02-18 12:30:00', b'1', b'1', 42, 2, 299, 1298),
(300, '2018-02-18 15:00:00', '2018-02-18 15:30:00', b'1', b'1', 27, 3, 300, 1299),
(301, '2018-02-18 15:30:00', '2018-02-18 16:00:00', b'1', b'1', 12, 3, 301, 1300),
(302, '2018-02-18 16:45:00', '2018-02-18 17:15:00', b'1', b'1', 17, 3, 302, 1301),
(303, '2018-02-19 09:00:00', '2018-02-19 09:45:00', b'1', b'1', 26, 3, 303, 1302),
(304, '2018-02-19 10:30:00', '2018-02-19 11:00:00', b'1', b'1', 27, 2, 304, 1303),
(305, '2018-02-19 11:15:00', '2018-02-19 11:45:00', b'1', b'1', 22, 3, 305, 1304),
(306, '2018-02-19 16:30:00', '2018-02-19 17:00:00', b'1', b'1', 29, 2, 306, 1305),
(307, '2018-02-19 17:00:00', '2018-02-19 17:30:00', b'1', b'1', 24, 3, 307, 1306),
(308, '2018-02-19 17:30:00', '2018-02-19 18:00:00', b'1', b'1', 36, 3, 308, 1307),
(309, '2018-02-20 08:15:00', '2018-02-20 09:00:00', b'1', b'1', 46, 3, 309, 1308),
(310, '2018-02-20 10:45:00', '2018-02-20 11:30:00', b'1', b'1', 40, 1, 310, 1309),
(311, '2018-02-20 11:45:00', '2018-02-20 12:30:00', b'1', b'1', 26, 2, 311, 1310),
(312, '2018-02-20 15:00:00', '2018-02-20 15:30:00', b'1', b'1', 26, 2, 312, 1311),
(313, '2018-02-20 16:00:00', '2018-02-20 16:45:00', b'1', b'1', 51, 1, 313, 1312),
(314, '2018-02-20 17:00:00', '2018-02-20 17:45:00', b'1', b'1', 45, 3, 314, 1313),
(315, '2018-02-21 08:30:00', '2018-02-21 09:00:00', b'1', b'1', 17, 2, 315, 1314),
(316, '2018-02-21 10:45:00', '2018-02-21 11:30:00', b'1', b'1', 37, 2, 316, 1315),
(317, '2018-02-21 11:45:00', '2018-02-21 12:30:00', b'1', b'1', 24, 1, 317, 1316),
(318, '2018-02-21 16:30:00', '2018-02-21 17:00:00', b'1', b'1', 15, 2, 318, 1317),
(319, '2018-02-21 17:30:00', '2018-02-21 18:15:00', b'1', b'1', 51, 2, 319, 1318),
(320, '2018-02-22 09:00:00', '2018-02-22 09:45:00', b'1', b'1', 16, 2, 320, 1319),
(321, '2018-02-22 10:30:00', '2018-02-22 11:00:00', b'1', b'1', 28, 3, 321, 1320),
(322, '2018-02-22 11:30:00', '2018-02-22 12:00:00', b'1', b'1', 32, 2, 322, 1321),
(323, '2018-02-22 16:00:00', '2018-02-22 16:30:00', b'1', b'1', 24, 3, 323, 1322),
(324, '2018-02-22 17:00:00', '2018-02-22 17:30:00', b'1', b'1', 21, 2, 324, 1323),
(325, '2018-02-22 17:45:00', '2018-02-22 18:15:00', b'1', b'1', 22, 1, 325, 1324),
(326, '2018-02-23 09:15:00', '2018-02-23 09:45:00', b'1', b'1', 28, 3, 326, 1325),
(327, '2018-02-23 10:45:00', '2018-02-23 11:15:00', b'1', b'1', 57, 3, 327, 1326),
(328, '2018-02-23 11:15:00', '2018-02-23 11:45:00', b'1', b'1', 15, 1, 328, 1327),
(329, '2018-02-23 16:00:00', '2018-02-23 16:30:00', b'1', b'1', 31, 2, 329, 1328),
(330, '2018-02-23 17:00:00', '2018-02-23 17:30:00', b'1', b'1', 55, 3, 330, 1329),
(331, '2018-02-23 17:45:00', '2018-02-23 18:00:00', b'1', b'1', 37, 3, 331, 1330),
(332, '2018-02-23 18:30:00', '2018-02-23 19:00:00', b'1', b'1', 32, 2, 332, 1331),
(333, '2018-02-24 09:00:00', '2018-02-24 09:30:00', b'1', b'1', 18, 2, 333, 1332),
(334, '2018-02-24 09:45:00', '2018-02-24 10:15:00', b'1', b'1', 55, 2, 334, 1333),
(335, '2018-02-24 10:30:00', '2018-02-24 11:00:00', b'1', b'1', 11, 1, 335, 1334),
(336, '2018-02-24 11:15:00', '2018-02-24 11:45:00', b'1', b'1', 15, 3, 336, 1335),
(337, '2018-02-24 17:00:00', '2018-02-24 17:30:00', b'1', b'1', 56, 2, 337, 1336),
(338, '2018-02-24 17:45:00', '2018-02-24 18:00:00', b'1', b'1', 48, 2, 338, 1337),
(339, '2018-02-24 18:30:00', '2018-02-24 19:00:00', b'1', b'1', 24, 2, 339, 1338),
(340, '2018-02-25 08:15:00', '2018-02-25 09:00:00', b'1', b'1', 54, 2, 340, 1339),
(341, '2018-02-25 10:00:00', '2018-02-25 10:45:00', b'1', b'1', 40, 3, 341, 1340),
(342, '2018-02-25 11:00:00', '2018-02-25 11:30:00', b'1', b'1', 56, 2, 342, 1341),
(343, '2018-02-25 11:45:00', '2018-02-25 12:00:00', b'1', b'1', 52, 1, 343, 1342),
(344, '2018-02-25 15:00:00', '2018-02-25 15:45:00', b'1', b'1', 20, 1, 344, 1343),
(345, '2018-02-25 16:30:00', '2018-02-25 17:15:00', b'1', b'1', 48, 1, 345, 1344),
(346, '2018-02-25 18:00:00', '2018-02-25 18:30:00', b'1', b'1', 49, 2, 346, 1345),
(347, '2018-02-26 08:30:00', '2018-02-26 09:00:00', b'1', b'1', 48, 3, 347, 1346),
(348, '2018-02-26 10:15:00', '2018-02-26 10:45:00', b'1', b'1', 16, 1, 348, 1347),
(349, '2018-02-26 11:15:00', '2018-02-26 11:45:00', b'1', b'1', 18, 1, 349, 1348),
(350, '2018-02-26 16:30:00', '2018-02-26 17:15:00', b'1', b'1', 44, 3, 350, 1349),
(351, '2018-02-26 18:00:00', '2018-02-26 18:30:00', b'1', b'1', 34, 3, 351, 1350),
(352, '2018-02-26 18:30:00', '2018-02-26 19:00:00', b'1', b'1', 19, 2, 352, 1351),
(353, '2018-02-27 09:00:00', '2018-02-27 09:45:00', b'1', b'1', 28, 3, 353, 1352),
(354, '2018-02-27 10:30:00', '2018-02-27 11:00:00', b'1', b'1', 42, 1, 354, 1353),
(355, '2018-02-27 11:30:00', '2018-02-27 12:00:00', b'1', b'1', 17, 3, 355, 1354),
(356, '2018-02-27 15:00:00', '2018-02-27 15:45:00', b'1', b'1', 25, 2, 356, 1355),
(357, '2018-02-27 16:30:00', '2018-02-27 17:15:00', b'1', b'1', 13, 2, 357, 1356),
(358, '2018-02-27 18:00:00', '2018-02-27 18:30:00', b'1', b'1', 55, 2, 358, 1357),
(359, '2018-02-28 08:15:00', '2018-02-28 09:00:00', b'1', b'1', 27, 1, 359, 1358),
(360, '2018-02-28 10:00:00', '2018-02-28 10:30:00', b'1', b'1', 25, 2, 360, 1359),
(361, '2018-02-28 11:30:00', '2018-02-28 12:00:00', b'1', b'1', 55, 1, 361, 1360),
(362, '2018-02-28 16:00:00', '2018-02-28 16:30:00', b'1', b'1', 53, 2, 362, 1361),
(363, '2018-02-28 17:00:00', '2018-02-28 17:30:00', b'1', b'1', 33, 2, 363, 1362),
(364, '2018-02-28 17:30:00', '2018-02-28 18:00:00', b'1', b'1', 38, 3, 364, 1363),
(365, '2018-03-01 08:00:00', '2018-03-01 09:00:00', b'1', b'1', 38, 3, 365, 1364),
(366, '2018-03-01 10:15:00', '2018-03-01 10:45:00', b'1', b'1', 58, 3, 366, 1365),
(367, '2018-03-01 11:45:00', '2018-03-01 12:30:00', b'1', b'1', 16, 2, 367, 1366),
(368, '2018-03-01 17:30:00', '2018-03-01 18:00:00', b'1', b'1', 23, 2, 368, 1367),
(369, '2018-03-01 17:00:00', '2018-03-01 17:30:00', b'1', b'1', 40, 3, 369, 1368),
(370, '2018-03-02 09:00:00', '2018-03-02 09:45:00', b'1', b'1', 50, 2, 370, 1369),
(371, '2018-03-02 10:15:00', '2018-03-02 10:45:00', b'1', b'1', 40, 3, 371, 1370),
(372, '2018-03-02 11:45:00', '2018-03-02 12:30:00', b'1', b'1', 28, 1, 372, 1371),
(373, '2018-03-02 16:30:00', '2018-03-02 17:00:00', b'1', b'1', 25, 3, 373, 1372),
(374, '2018-03-02 17:00:00', '2018-03-02 17:30:00', b'1', b'1', 19, 1, 374, 1373),
(375, '2018-03-03 10:00:00', '2018-03-03 10:30:00', b'1', b'1', 34, 3, 375, 1374),
(376, '2018-03-03 10:45:00', '2018-03-03 11:30:00', b'1', b'1', 47, 1, 376, 1375),
(377, '2018-03-03 11:30:00', '2018-03-03 12:15:00', b'1', b'1', 31, 1, 377, 1376),
(378, '2018-03-03 16:00:00', '2018-03-03 16:30:00', b'1', b'1', 54, 2, 378, 1377),
(379, '2018-03-03 17:00:00', '2018-03-03 17:30:00', b'1', b'1', 50, 1, 379, 1378),
(380, '2018-03-03 17:30:00', '2018-03-03 18:00:00', b'1', b'1', 45, 3, 380, 1379),
(381, '2018-03-04 09:15:00', '2018-03-04 09:45:00', b'1', b'1', 30, 2, 381, 1380),
(382, '2018-03-04 10:00:00', '2018-03-04 10:30:00', b'1', b'1', 28, 3, 382, 1381),
(383, '2018-03-04 10:45:00', '2018-03-04 11:30:00', b'1', b'1', 49, 1, 383, 1382),
(384, '2018-03-04 11:45:00', '2018-03-04 12:15:00', b'1', b'1', 20, 3, 384, 1383),
(385, '2018-03-04 16:00:00', '2018-03-04 16:30:00', b'1', b'1', 53, 2, 385, 1384),
(386, '2018-03-04 17:30:00', '2018-03-04 18:00:00', b'1', b'1', 29, 3, 386, 1385),
(387, '2018-03-04 18:00:00', '2018-03-04 18:30:00', b'1', b'1', 55, 2, 387, 1386),
(388, '2018-03-05 09:00:00', '2018-03-05 09:30:00', b'1', b'1', 60, 3, 388, 1387),
(389, '2018-03-05 10:30:00', '2018-03-05 11:00:00', b'1', b'1', 48, 3, 389, 1388),
(390, '2018-03-05 11:15:00', '2018-03-05 11:45:00', b'1', b'1', 12, 3, 390, 1389),
(391, '2018-03-05 15:00:00', '2018-03-05 16:00:00', b'1', b'1', 16, 1, 391, 1390),
(392, '2018-03-05 17:30:00', '2018-03-05 18:00:00', b'1', b'1', 54, 1, 392, 1391),
(393, '2018-03-05 18:00:00', '2018-03-05 18:30:00', b'1', b'1', 43, 1, 393, 1392),
(394, '2018-03-06 09:15:00', '2018-03-06 09:45:00', b'1', b'1', 49, 1, 394, 1393),
(395, '2018-03-06 10:00:00', '2018-03-06 10:30:00', b'1', b'1', 11, 1, 395, 1394),
(396, '2018-03-06 11:00:00', '2018-03-06 11:30:00', b'1', b'1', 14, 3, 396, 1395),
(397, '2018-03-06 15:45:00', '2018-03-06 16:15:00', b'1', b'1', 58, 3, 397, 1396),
(398, '2018-03-06 16:15:00', '2018-03-06 17:15:00', b'1', b'1', 53, 3, 398, 1397),
(399, '2018-03-07 10:00:00', '2018-03-07 10:30:00', b'1', b'1', 10, 3, 399, 1398),
(400, '2018-03-07 11:30:00', '2018-03-07 12:00:00', b'1', b'1', 60, 2, 400, 1399),
(401, '2018-03-07 16:30:00', '2018-03-07 17:00:00', b'1', b'1', 52, 1, 401, 1400),
(402, '2018-03-07 17:15:00', '2018-03-07 18:00:00', b'1', b'1', 23, 3, 402, 1401),
(403, '2018-03-07 18:30:00', '2018-03-07 19:00:00', b'1', b'1', 15, 1, 403, 1402),
(404, '2018-03-08 08:00:00', '2018-03-08 09:00:00', b'1', b'1', 12, 1, 404, 1403),
(405, '2018-03-08 10:30:00', '2018-03-08 11:00:00', b'1', b'1', 48, 1, 405, 1404),
(406, '2018-03-08 11:30:00', '2018-03-08 12:00:00', b'1', b'1', 13, 1, 406, 1405),
(407, '2018-03-08 15:00:00', '2018-03-08 15:45:00', b'1', b'1', 27, 3, 407, 1406),
(408, '2018-03-08 17:15:00', '2018-03-08 18:00:00', b'1', b'1', 50, 3, 408, 1407),
(409, '2018-03-08 18:30:00', '2018-03-08 19:00:00', b'1', b'1', 18, 1, 409, 1408),
(410, '2018-03-09 09:00:00', '2018-03-09 09:45:00', b'1', b'1', 54, 1, 410, 1409),
(411, '2018-03-09 10:30:00', '2018-03-09 11:00:00', b'1', b'1', 50, 1, 411, 1410),
(412, '2018-03-09 11:15:00', '2018-03-09 11:45:00', b'1', b'1', 46, 1, 412, 1411),
(413, '2018-03-09 16:00:00', '2018-03-09 16:45:00', b'1', b'1', 11, 3, 413, 1412),
(414, '2018-03-09 17:30:00', '2018-03-09 18:00:00', b'1', b'1', 56, 2, 414, 1413),
(415, '2018-03-09 18:30:00', '2018-03-09 19:00:00', b'1', b'1', 29, 3, 415, 1414),
(416, '2018-03-10 08:15:00', '2018-03-10 09:00:00', b'1', b'1', 46, 2, 416, 1415),
(417, '2018-03-10 10:15:00', '2018-03-10 10:45:00', b'1', b'1', 18, 1, 417, 1416),
(418, '2018-03-10 11:00:00', '2018-03-10 12:00:00', b'1', b'1', 48, 3, 418, 1417),
(419, '2018-03-10 16:45:00', '2018-03-10 17:30:00', b'1', b'1', 13, 3, 419, 1418),
(420, '2018-03-10 18:00:00', '2018-03-10 18:30:00', b'1', b'1', 41, 3, 420, 1419),
(421, '2018-03-11 10:00:00', '2018-03-11 10:30:00', b'1', b'1', 42, 1, 421, 1420),
(422, '2018-03-11 10:45:00', '2018-03-11 11:30:00', b'1', b'1', 14, 3, 422, 1421),
(423, '2018-03-11 11:45:00', '2018-03-11 12:15:00', b'1', b'1', 18, 3, 423, 1422),
(424, '2018-03-11 16:45:00', '2018-03-11 17:30:00', b'1', b'1', 12, 2, 424, 1423),
(425, '2018-03-11 18:00:00', '2018-03-11 18:30:00', b'1', b'1', 59, 1, 425, 1424),
(426, '2018-03-11 18:30:00', '2018-03-11 19:00:00', b'1', b'1', 52, 1, 426, 1425),
(427, '2018-03-12 08:30:00', '2018-03-12 09:00:00', b'1', b'1', 34, 1, 427, 1426),
(428, '2018-03-12 09:00:00', '2018-03-12 09:30:00', b'1', b'1', 23, 3, 428, 1427),
(429, '2018-03-12 10:15:00', '2018-03-12 10:45:00', b'1', b'1', 40, 1, 429, 1428),
(430, '2018-03-12 11:15:00', '2018-03-12 11:45:00', b'1', b'1', 15, 3, 430, 1429),
(431, '2018-03-12 16:30:00', '2018-03-12 17:00:00', b'1', b'1', 25, 3, 431, 1430),
(432, '2018-03-12 17:00:00', '2018-03-12 17:30:00', b'1', b'1', 44, 3, 432, 1431),
(433, '2018-03-12 18:00:00', '2018-03-12 18:45:00', b'1', b'1', 10, 3, 433, 1432),
(434, '2018-03-13 10:00:00', '2018-03-13 10:30:00', b'1', b'1', 34, 2, 434, 1433),
(435, '2018-03-13 10:30:00', '2018-03-13 11:00:00', b'1', b'1', 46, 1, 435, 1434),
(436, '2018-03-13 11:00:00', '2018-03-13 11:30:00', b'1', b'1', 16, 1, 436, 1435),
(437, '2018-03-13 16:30:00', '2018-03-13 17:00:00', b'1', b'1', 39, 2, 437, 1436),
(438, '2018-03-13 17:00:00', '2018-03-13 17:30:00', b'1', b'1', 12, 1, 438, 1437),
(439, '2018-03-13 18:00:00', '2018-03-13 18:45:00', b'1', b'1', 20, 2, 439, 1438),
(440, '2018-03-14 08:00:00', '2018-03-14 09:00:00', b'1', b'1', 56, 1, 440, 1439),
(441, '2018-03-14 09:00:00', '2018-03-14 09:45:00', b'1', b'1', 12, 3, 441, 1440),
(442, '2018-03-14 10:30:00', '2018-03-14 11:00:00', b'1', b'1', 55, 3, 442, 1441),
(443, '2018-03-14 15:15:00', '2018-03-14 16:00:00', b'1', b'1', 16, 3, 443, 1442),
(444, '2018-03-14 16:00:00', '2018-03-14 16:45:00', b'1', b'1', 48, 1, 444, 1443),
(445, '2018-03-14 18:00:00', '2018-03-14 18:45:00', b'1', b'1', 33, 3, 445, 1444),
(446, '2018-03-15 09:15:00', '2018-03-15 09:45:00', b'1', b'1', 36, 1, 446, 1445),
(447, '2018-03-15 10:30:00', '2018-03-15 11:00:00', b'1', b'1', 17, 1, 447, 1446),
(448, '2018-03-15 11:15:00', '2018-03-15 11:45:00', b'1', b'1', 29, 3, 448, 1447),
(449, '2018-03-15 15:00:00', '2018-03-15 16:00:00', b'1', b'1', 16, 2, 449, 1448),
(450, '2018-03-15 16:00:00', '2018-03-15 16:30:00', b'1', b'1', 47, 1, 450, 1449),
(451, '2018-03-15 18:00:00', '2018-03-15 18:30:00', b'1', b'1', 23, 2, 451, 1450),
(452, '2018-03-16 09:15:00', '2018-03-16 09:45:00', b'1', b'1', 54, 1, 452, 1451),
(453, '2018-03-16 10:15:00', '2018-03-16 10:45:00', b'1', b'1', 43, 2, 453, 1452),
(454, '2018-03-16 11:00:00', '2018-03-16 11:30:00', b'1', b'1', 51, 2, 454, 1453),
(455, '2018-03-16 11:45:00', '2018-03-16 12:15:00', b'1', b'1', 50, 1, 455, 1454),
(456, '2018-03-16 16:00:00', '2018-03-16 16:30:00', b'1', b'1', 40, 2, 456, 1455),
(457, '2018-03-16 16:30:00', '2018-03-16 17:00:00', b'1', b'1', 40, 1, 457, 1456),
(458, '2018-03-16 18:00:00', '2018-03-16 18:30:00', b'1', b'1', 12, 2, 458, 1457),
(459, '2018-03-16 18:30:00', '2018-03-16 19:00:00', b'1', b'1', 38, 1, 459, 1458),
(460, '2018-03-17 08:15:00', '2018-03-17 09:00:00', b'1', b'1', 36, 1, 460, 1459),
(461, '2018-03-17 10:00:00', '2018-03-17 10:30:00', b'1', b'1', 22, 3, 461, 1460),
(462, '2018-03-17 11:00:00', '2018-03-17 11:30:00', b'1', b'1', 48, 2, 462, 1461),
(463, '2018-03-17 11:45:00', '2018-03-17 12:15:00', b'1', b'1', 11, 2, 463, 1462),
(464, '2018-03-17 16:30:00', '2018-03-17 17:00:00', b'1', b'1', 42, 1, 464, 1463),
(465, '2018-03-17 17:00:00', '2018-03-17 17:30:00', b'1', b'1', 59, 1, 465, 1464),
(466, '2018-03-17 18:00:00', '2018-03-17 18:15:00', b'1', b'1', 54, 2, 466, 1465),
(467, '2018-03-18 09:00:00', '2018-03-18 09:45:00', b'1', b'1', 47, 2, 467, 1466),
(468, '2018-03-18 10:30:00', '2018-03-18 11:00:00', b'1', b'1', 25, 3, 468, 1467),
(469, '2018-03-18 11:30:00', '2018-03-18 12:00:00', b'1', b'1', 27, 3, 469, 1468),
(470, '2018-03-18 16:30:00', '2018-03-18 17:00:00', b'1', b'1', 48, 1, 470, 1469),
(471, '2018-03-18 17:30:00', '2018-03-18 18:00:00', b'1', b'1', 16, 3, 471, 1470),
(472, '2018-03-18 18:15:00', '2018-03-18 18:45:00', b'1', b'1', 58, 1, 472, 1471),
(473, '2018-03-18 18:45:00', '2018-03-18 19:00:00', b'1', b'1', 42, 1, 473, 1472),
(474, '2018-03-19 08:30:00', '2018-03-19 09:00:00', b'1', b'1', 28, 3, 474, 1473),
(475, '2018-03-19 10:00:00', '2018-03-19 11:00:00', b'1', b'1', 51, 3, 475, 1474),
(476, '2018-03-19 11:30:00', '2018-03-19 12:00:00', b'1', b'1', 37, 3, 476, 1475),
(477, '2018-03-19 16:00:00', '2018-03-19 16:30:00', b'1', b'1', 18, 3, 477, 1476),
(478, '2018-03-19 17:00:00', '2018-03-19 17:30:00', b'1', b'1', 48, 2, 478, 1477),
(479, '2018-03-19 17:30:00', '2018-03-19 18:00:00', b'1', b'1', 53, 3, 479, 1478),
(480, '2018-03-20 10:45:00', '2018-03-20 11:00:00', b'1', b'1', 32, 2, 480, 1479),
(481, '2018-03-20 11:15:00', '2018-03-20 12:00:00', b'1', b'1', 29, 2, 481, 1480),
(482, '2018-03-20 16:00:00', '2018-03-20 16:30:00', b'1', b'1', 26, 2, 482, 1481),
(483, '2018-03-20 17:00:00', '2018-03-20 17:30:00', b'1', b'1', 21, 3, 483, 1482),
(484, '2018-03-20 17:30:00', '2018-03-20 18:00:00', b'1', b'1', 50, 1, 484, 1483),
(485, '2018-03-20 18:00:00', '2018-03-20 18:30:00', b'1', b'1', 30, 2, 485, 1484),
(486, '2018-03-21 08:00:00', '2018-03-21 09:00:00', b'1', b'1', 36, 2, 486, 1485),
(487, '2018-03-21 10:00:00', '2018-03-21 10:30:00', b'1', b'1', 49, 2, 487, 1486),
(488, '2018-03-21 11:00:00', '2018-03-21 11:45:00', b'1', b'1', 17, 2, 488, 1487),
(489, '2018-03-21 16:30:00', '2018-03-21 17:00:00', b'1', b'1', 26, 3, 489, 1488),
(490, '2018-03-21 17:30:00', '2018-03-21 18:00:00', b'1', b'1', 20, 3, 490, 1489),
(491, '2018-03-21 18:00:00', '2018-03-21 18:30:00', b'1', b'1', 58, 2, 491, 1490),
(492, '2018-03-22 09:00:00', '2018-03-22 09:45:00', b'1', b'1', 17, 3, 492, 1491),
(493, '2018-03-22 10:15:00', '2018-03-22 11:00:00', b'1', b'1', 33, 2, 493, 1492),
(494, '2018-03-22 17:00:00', '2018-03-22 17:30:00', b'1', b'1', 14, 3, 494, 1493),
(495, '2018-03-22 18:00:00', '2018-03-22 18:30:00', b'1', b'1', 11, 2, 495, 1494),
(496, '2018-03-23 11:00:00', '2018-03-23 11:30:00', b'1', b'1', 19, 3, 496, 1495),
(497, '2018-03-23 11:30:00', '2018-03-23 12:00:00', b'1', b'1', 13, 1, 497, 1496),
(498, '2018-03-23 15:00:00', '2018-03-23 16:00:00', b'1', b'1', 36, 3, 498, 1497),
(499, '2018-03-23 18:00:00', '2018-03-23 18:30:00', b'1', b'1', 39, 3, 499, 1498),
(500, '2018-03-23 18:30:00', '2018-03-23 19:00:00', b'1', b'1', 18, 1, 500, 1499),
(501, '2018-03-24 08:15:00', '2018-03-24 09:00:00', b'1', b'1', 20, 3, 501, 1500),
(502, '2018-03-24 10:00:00', '2018-03-24 10:30:00', b'1', b'1', 33, 1, 502, 1501),
(503, '2018-03-24 10:45:00', '2018-03-24 11:15:00', b'1', b'1', 22, 3, 503, 1502),
(504, '2018-03-24 15:15:00', '2018-03-24 16:15:00', b'1', b'1', 56, 3, 504, 1503),
(505, '2018-03-24 17:00:00', '2018-03-24 17:30:00', b'1', b'1', 34, 2, 505, 1504),
(506, '2018-03-24 18:00:00', '2018-03-24 18:30:00', b'1', b'1', 42, 1, 506, 1505),
(507, '2018-03-25 09:00:00', '2018-03-25 09:45:00', b'1', b'1', 26, 1, 507, 1506),
(508, '2018-03-25 10:30:00', '2018-03-25 11:00:00', b'1', b'1', 17, 2, 508, 1507),
(509, '2018-03-25 11:15:00', '2018-03-25 12:00:00', b'1', b'1', 33, 3, 509, 1508),
(510, '2018-03-25 15:15:00', '2018-03-25 16:15:00', b'1', b'1', 13, 2, 510, 1509),
(511, '2018-03-25 17:00:00', '2018-03-25 17:30:00', b'1', b'1', 29, 2, 511, 1510),
(512, '2018-03-25 18:00:00', '2018-03-25 18:30:00', b'1', b'1', 30, 3, 512, 1511),
(513, '2018-03-26 09:00:00', '2018-03-26 09:45:00', b'1', b'1', 57, 3, 513, 1512),
(514, '2018-03-26 10:15:00', '2018-03-26 10:45:00', b'1', b'1', 42, 1, 514, 1513),
(515, '2018-03-26 11:00:00', '2018-03-26 11:30:00', b'1', b'1', 58, 2, 515, 1514),
(516, '2018-03-26 11:45:00', '2018-03-26 12:15:00', b'1', b'1', 45, 2, 516, 1515),
(517, '2018-03-26 15:15:00', '2018-03-26 16:15:00', b'1', b'1', 27, 1, 517, 1516),
(518, '2018-03-26 17:00:00', '2018-03-26 17:30:00', b'1', b'1', 19, 3, 518, 1517),
(519, '2018-03-27 08:00:00', '2018-03-27 08:30:00', b'1', b'1', 54, 2, 519, 1518),
(520, '2018-03-27 09:15:00', '2018-03-27 10:00:00', b'1', b'1', 41, 1, 520, 1519),
(521, '2018-03-27 11:00:00', '2018-03-27 12:15:00', b'1', b'1', 59, 3, 521, 1520),
(522, '2018-03-27 15:15:00', '2018-03-27 16:15:00', b'1', b'1', 52, 3, 522, 1521),
(523, '2018-03-27 17:00:00', '2018-03-27 17:30:00', b'1', b'1', 52, 1, 523, 1522),
(524, '2018-03-28 09:15:00', '2018-03-28 09:45:00', b'1', b'1', 20, 1, 524, 1523),
(525, '2018-03-28 10:30:00', '2018-03-28 11:15:00', b'1', b'1', 18, 3, 525, 1524),
(526, '2018-03-28 16:00:00', '2018-03-28 16:15:00', b'1', b'1', 37, 2, 526, 1525),
(527, '2018-03-28 17:00:00', '2018-03-28 17:30:00', b'1', b'1', 51, 2, 527, 1526),
(528, '2018-03-28 18:00:00', '2018-03-28 18:45:00', b'1', b'1', 59, 3, 528, 1527),
(529, '2018-03-29 09:00:00', '2018-03-29 09:45:00', b'1', b'1', 19, 1, 529, 1528),
(530, '2018-03-29 10:00:00', '2018-03-29 10:30:00', b'1', b'1', 12, 2, 530, 1529),
(531, '2018-03-29 11:45:00', '2018-03-29 12:15:00', b'1', b'1', 38, 3, 531, 1530),
(532, '2018-03-29 16:00:00', '2018-03-29 16:30:00', b'1', b'1', 55, 1, 532, 1531),
(533, '2018-03-29 16:30:00', '2018-03-29 17:00:00', b'1', b'1', 48, 3, 533, 1532),
(534, '2018-03-30 09:00:00', '2018-03-30 09:45:00', b'1', b'1', 55, 3, 534, 1533),
(535, '2018-03-30 10:45:00', '2018-03-30 11:30:00', b'1', b'1', 50, 1, 535, 1534),
(536, '2018-03-30 11:45:00', '2018-03-30 12:15:00', b'1', b'1', 12, 3, 536, 1535),
(537, '2018-03-30 16:00:00', '2018-03-30 16:30:00', b'1', b'1', 29, 1, 537, 1536),
(538, '2018-03-30 16:30:00', '2018-03-30 17:00:00', b'1', b'1', 38, 2, 538, 1537),
(539, '2018-03-31 08:15:00', '2018-03-31 09:00:00', b'1', b'1', 58, 2, 539, 1538),
(540, '2018-03-31 10:15:00', '2018-03-31 11:00:00', b'1', b'1', 42, 3, 540, 1539),
(541, '2018-03-31 11:15:00', '2018-03-31 12:15:00', b'1', b'1', 49, 3, 541, 1540),
(542, '2018-03-31 16:00:00', '2018-03-31 16:30:00', b'1', b'1', 23, 1, 542, 1541),
(543, '2018-03-31 16:30:00', '2018-03-31 17:00:00', b'1', b'1', 15, 3, 543, 1542),
(544, '2018-03-31 17:45:00', '2018-03-31 18:30:00', b'1', b'1', 56, 2, 544, 1543),
(545, '2018-04-01 09:00:00', '2018-04-01 09:45:00', b'1', b'1', 60, 2, 545, 1544),
(546, '2018-04-01 10:30:00', '2018-04-01 11:00:00', b'1', b'1', 39, 2, 546, 1545),
(547, '2018-04-01 11:30:00', '2018-04-01 12:00:00', b'1', b'1', 28, 2, 547, 1546),
(548, '2018-04-01 15:45:00', '2018-04-01 16:30:00', b'1', b'1', 41, 3, 548, 1547),
(549, '2018-04-01 16:30:00', '2018-04-01 17:15:00', b'1', b'1', 19, 3, 549, 1548),
(550, '2018-04-02 08:00:00', '2018-04-02 09:00:00', b'1', b'1', 51, 2, 550, 1549),
(551, '2018-04-02 10:15:00', '2018-04-02 11:00:00', b'1', b'1', 29, 1, 551, 1550),
(552, '2018-04-02 16:30:00', '2018-04-02 17:15:00', b'1', b'1', 59, 2, 552, 1551),
(553, '2018-04-02 18:00:00', '2018-04-02 18:30:00', b'1', b'1', 28, 1, 553, 1552),
(554, '2018-04-02 18:30:00', '2018-04-02 19:00:00', b'1', b'1', 39, 3, 554, 1553),
(555, '2018-04-03 09:15:00', '2018-04-03 09:45:00', b'1', b'1', 43, 3, 555, 1554),
(556, '2018-04-03 10:00:00', '2018-04-03 10:30:00', b'1', b'1', 42, 2, 556, 1555),
(557, '2018-04-03 11:00:00', '2018-04-03 11:30:00', b'1', b'1', 31, 1, 557, 1556),
(558, '2018-04-03 16:30:00', '2018-04-03 17:00:00', b'1', b'1', 10, 2, 558, 1557),
(559, '2018-04-03 17:00:00', '2018-04-03 17:15:00', b'1', b'1', 33, 3, 559, 1558),
(560, '2018-04-04 09:00:00', '2018-04-04 09:45:00', b'1', b'1', 35, 3, 560, 1559),
(561, '2018-04-04 10:15:00', '2018-04-04 10:45:00', b'1', b'1', 25, 3, 561, 1560),
(562, '2018-04-04 11:15:00', '2018-04-04 11:45:00', b'1', b'1', 46, 1, 562, 1561),
(563, '2018-04-04 16:30:00', '2018-04-04 17:00:00', b'1', b'1', 14, 3, 563, 1562),
(564, '2018-04-04 17:00:00', '2018-04-04 17:15:00', b'1', b'1', 22, 1, 564, 1563),
(565, '2018-04-04 18:00:00', '2018-04-04 18:30:00', b'1', b'1', 13, 2, 565, 1564),
(566, '2018-04-05 09:30:00', '2018-04-05 10:00:00', b'1', b'1', 24, 3, 566, 1565),
(567, '2018-04-05 10:30:00', '2018-04-05 11:15:00', b'1', b'1', 33, 1, 567, 1566),
(568, '2018-04-05 11:30:00', '2018-04-05 12:15:00', b'1', b'1', 25, 3, 568, 1567),
(569, '2018-04-05 16:30:00', '2018-04-05 17:15:00', b'1', b'1', 25, 1, 569, 1568),
(570, '2018-04-05 18:00:00', '2018-04-05 18:30:00', b'1', b'1', 30, 3, 570, 1569),
(571, '2018-04-06 08:30:00', '2018-04-06 09:00:00', b'1', b'1', 16, 1, 571, 1570),
(572, '2018-04-06 09:00:00', '2018-04-06 09:45:00', b'1', b'1', 45, 3, 572, 1571),
(573, '2018-04-06 11:00:00', '2018-04-06 11:30:00', b'1', b'1', 11, 1, 573, 1572),
(574, '2018-04-06 15:00:00', '2018-04-06 15:45:00', b'1', b'1', 30, 2, 574, 1573),
(575, '2018-04-06 16:30:00', '2018-04-06 17:15:00', b'1', b'1', 28, 1, 575, 1574),
(576, '2018-04-06 18:00:00', '2018-04-06 18:30:00', b'1', b'1', 11, 2, 576, 1575),
(577, '2018-04-07 08:00:00', '2018-04-07 09:00:00', b'1', b'1', 10, 1, 577, 1576),
(578, '2018-04-07 09:00:00', '2018-04-07 09:45:00', b'1', b'1', 32, 1, 578, 1577),
(579, '2018-04-07 11:30:00', '2018-04-07 12:15:00', b'1', b'1', 60, 2, 579, 1578),
(580, '2018-04-07 16:30:00', '2018-04-07 17:15:00', b'1', b'1', 54, 3, 580, 1579),
(581, '2018-04-07 18:00:00', '2018-04-07 18:30:00', b'1', b'1', 45, 1, 581, 1580),
(582, '2018-04-08 09:00:00', '2018-04-08 09:45:00', b'1', b'1', 17, 2, 582, 1581),
(583, '2018-04-08 11:00:00', '2018-04-08 11:45:00', b'1', b'1', 19, 1, 583, 1582),
(584, '2018-04-08 16:30:00', '2018-04-08 17:00:00', b'1', b'1', 21, 1, 584, 1583),
(585, '2018-04-08 17:30:00', '2018-04-08 18:00:00', b'1', b'1', 51, 2, 585, 1584),
(586, '2018-04-08 18:45:00', '2018-04-08 19:00:00', b'1', b'1', 45, 1, 586, 1585),
(587, '2018-04-09 10:00:00', '2018-04-09 10:30:00', b'1', b'1', 24, 2, 587, 1586),
(588, '2018-04-09 11:00:00', '2018-04-09 11:30:00', b'1', b'1', 43, 2, 588, 1587),
(589, '2018-04-09 16:00:00', '2018-04-09 17:00:00', b'1', b'1', 30, 3, 589, 1588),
(590, '2018-04-09 17:30:00', '2018-04-09 18:00:00', b'1', b'1', 23, 3, 590, 1589),
(591, '2018-04-09 18:00:00', '2018-04-09 18:45:00', b'1', b'1', 55, 1, 591, 1590),
(592, '2018-04-09 18:45:00', '2018-04-09 19:00:00', b'1', b'1', 58, 3, 592, 1591),
(593, '2018-04-10 08:15:00', '2018-04-10 09:00:00', b'1', b'1', 18, 1, 593, 1592),
(594, '2018-04-10 10:15:00', '2018-04-10 10:45:00', b'1', b'1', 57, 1, 594, 1593),
(595, '2018-04-10 11:30:00', '2018-04-10 12:15:00', b'1', b'1', 13, 2, 595, 1594),
(596, '2018-04-10 17:00:00', '2018-04-10 17:30:00', b'1', b'1', 49, 2, 596, 1595),
(597, '2018-04-10 18:00:00', '2018-04-10 18:45:00', b'1', b'1', 13, 2, 597, 1596),
(598, '2018-04-11 09:00:00', '2018-04-11 09:45:00', b'1', b'1', 42, 2, 598, 1597),
(599, '2018-04-11 10:45:00', '2018-04-11 11:15:00', b'1', b'1', 51, 2, 599, 1598),
(600, '2018-04-11 11:45:00', '2018-04-11 12:15:00', b'1', b'1', 51, 1, 600, 1599),
(601, '2018-04-11 17:00:00', '2018-04-11 17:30:00', b'1', b'1', 27, 1, 601, 1600),
(602, '2018-04-11 18:00:00', '2018-04-11 18:45:00', b'1', b'1', 17, 3, 602, 1601),
(603, '2018-04-12 08:30:00', '2018-04-12 09:00:00', b'1', b'1', 19, 2, 603, 1602),
(604, '2018-04-12 10:00:00', '2018-04-12 10:30:00', b'1', b'1', 49, 2, 604, 1603),
(605, '2018-04-12 11:00:00', '2018-04-12 11:30:00', b'1', b'1', 23, 3, 605, 1604),
(606, '2018-04-12 16:30:00', '2018-04-12 17:00:00', b'1', b'1', 56, 3, 606, 1605),
(607, '2018-04-12 17:00:00', '2018-04-12 17:30:00', b'1', b'1', 34, 1, 607, 1606),
(608, '2018-04-13 09:15:00', '2018-04-13 09:30:00', b'1', b'1', 38, 2, 608, 1607),
(609, '2018-04-13 10:30:00', '2018-04-13 11:00:00', b'1', b'1', 57, 1, 609, 1608),
(610, '2018-04-13 11:30:00', '2018-04-13 12:00:00', b'1', b'1', 12, 1, 610, 1609),
(611, '2018-04-13 17:00:00', '2018-04-13 17:30:00', b'1', b'1', 60, 2, 611, 1610),
(612, '2018-04-13 18:00:00', '2018-04-13 18:45:00', b'1', b'1', 52, 1, 612, 1611),
(613, '2018-04-14 10:00:00', '2018-04-14 10:30:00', b'1', b'1', 43, 2, 613, 1612),
(614, '2018-04-14 11:00:00', '2018-04-14 11:30:00', b'1', b'1', 39, 3, 614, 1613),
(615, '2018-04-14 15:00:00', '2018-04-14 16:00:00', b'1', b'1', 52, 3, 615, 1614),
(616, '2018-04-14 16:00:00', '2018-04-14 16:30:00', b'1', b'1', 42, 1, 616, 1615),
(617, '2018-04-14 17:00:00', '2018-04-14 17:30:00', b'1', b'1', 46, 2, 617, 1616),
(618, '2018-04-14 18:00:00', '2018-04-14 18:30:00', b'1', b'1', 60, 2, 618, 1617),
(619, '2018-04-15 09:00:00', '2018-04-15 09:45:00', b'1', b'1', 24, 1, 619, 1618),
(620, '2018-04-15 10:45:00', '2018-04-15 11:15:00', b'1', b'1', 34, 2, 620, 1619),
(621, '2018-04-15 11:45:00', '2018-04-15 12:15:00', b'1', b'1', 45, 2, 621, 1620),
(622, '2018-04-15 16:30:00', '2018-04-15 17:00:00', b'1', b'1', 47, 1, 622, 1621),
(623, '2018-04-15 17:30:00', '2018-04-15 18:00:00', b'1', b'1', 25, 1, 623, 1622),
(624, '2018-04-15 18:30:00', '2018-04-15 19:00:00', b'1', b'1', 19, 2, 624, 1623),
(625, '2018-04-16 09:00:00', '2018-04-16 09:45:00', b'1', b'1', 18, 3, 625, 1624),
(626, '2018-04-16 11:00:00', '2018-04-16 11:30:00', b'1', b'1', 46, 1, 626, 1625),
(627, '2018-04-16 16:00:00', '2018-04-16 16:30:00', b'1', b'1', 34, 3, 627, 1626),
(628, '2018-04-16 17:00:00', '2018-04-16 17:30:00', b'1', b'1', 21, 2, 628, 1627),
(629, '2018-04-16 18:00:00', '2018-04-16 18:30:00', b'1', b'1', 16, 3, 629, 1628),
(630, '2018-04-17 08:00:00', '2018-04-17 09:00:00', b'1', b'1', 21, 1, 630, 1629),
(631, '2018-04-17 10:45:00', '2018-04-17 11:30:00', b'1', b'1', 21, 1, 631, 1630),
(632, '2018-04-17 16:30:00', '2018-04-17 17:00:00', b'1', b'1', 52, 3, 632, 1631),
(633, '2018-04-17 17:00:00', '2018-04-17 17:30:00', b'1', b'1', 54, 2, 633, 1632),
(634, '2018-04-17 17:30:00', '2018-04-17 18:00:00', b'1', b'1', 55, 2, 634, 1633),
(635, '2018-04-17 18:00:00', '2018-04-17 18:30:00', b'1', b'1', 26, 1, 635, 1634),
(636, '2018-04-18 10:00:00', '2018-04-18 10:30:00', b'1', b'1', 22, 3, 636, 1635),
(637, '2018-04-18 10:45:00', '2018-04-18 11:30:00', b'1', b'1', 36, 2, 637, 1636),
(638, '2018-04-18 15:00:00', '2018-04-18 15:30:00', b'1', b'1', 56, 2, 638, 1637),
(639, '2018-04-18 16:15:00', '2018-04-18 16:45:00', b'1', b'1', 48, 2, 639, 1638),
(640, '2018-04-18 17:00:00', '2018-04-18 17:30:00', b'1', b'1', 51, 3, 640, 1639),
(641, '2018-04-19 09:00:00', '2018-04-19 09:30:00', b'1', b'1', 54, 2, 641, 1640),
(642, '2018-04-19 10:45:00', '2018-04-19 11:15:00', b'1', b'1', 56, 2, 642, 1641),
(643, '2018-04-19 15:30:00', '2018-04-19 16:00:00', b'1', b'1', 30, 3, 643, 1642),
(644, '2018-04-19 17:00:00', '2018-04-19 17:30:00', b'1', b'1', 14, 3, 644, 1643),
(645, '2018-04-19 17:30:00', '2018-04-19 18:30:00', b'1', b'1', 60, 1, 645, 1644),
(646, '2018-04-20 08:30:00', '2018-04-20 09:00:00', b'1', b'1', 22, 1, 646, 1645),
(647, '2018-04-20 09:45:00', '2018-04-20 10:15:00', b'1', b'1', 60, 1, 647, 1646),
(648, '2018-04-20 11:15:00', '2018-04-20 12:15:00', b'1', b'1', 22, 2, 648, 1647),
(649, '2018-04-20 15:30:00', '2018-04-20 16:00:00', b'1', b'1', 28, 3, 649, 1648),
(650, '2018-04-20 17:00:00', '2018-04-20 17:30:00', b'1', b'1', 47, 1, 650, 1649),
(651, '2018-04-21 09:00:00', '2018-04-21 09:45:00', b'1', b'1', 33, 3, 651, 1650),
(652, '2018-04-21 10:45:00', '2018-04-21 11:30:00', b'1', b'1', 14, 1, 652, 1651),
(653, '2018-04-21 11:45:00', '2018-04-21 12:15:00', b'1', b'1', 55, 3, 653, 1652),
(654, '2018-04-21 15:30:00', '2018-04-21 16:00:00', b'1', b'1', 29, 3, 654, 1653),
(655, '2018-04-21 17:00:00', '2018-04-21 17:30:00', b'1', b'1', 57, 2, 655, 1654),
(656, '2018-04-22 08:15:00', '2018-04-22 09:00:00', b'1', b'1', 17, 3, 656, 1655),
(657, '2018-04-22 10:45:00', '2018-04-22 11:30:00', b'1', b'1', 36, 2, 657, 1656),
(658, '2018-04-22 16:30:00', '2018-04-22 17:00:00', b'1', b'1', 45, 1, 658, 1657),
(659, '2018-04-22 17:30:00', '2018-04-22 18:00:00', b'1', b'1', 25, 3, 659, 1658),
(660, '2018-04-22 18:00:00', '2018-04-22 18:30:00', b'1', b'1', 27, 2, 660, 1659),
(661, '2018-04-23 09:00:00', '2018-04-23 10:00:00', b'1', b'1', 57, 1, 661, 1660),
(662, '2018-04-23 10:15:00', '2018-04-23 10:45:00', b'1', b'1', 32, 3, 662, 1661),
(663, '2018-04-23 11:00:00', '2018-04-23 12:15:00', b'1', b'1', 51, 3, 663, 1662),
(664, '2018-04-23 15:00:00', '2018-04-23 15:45:00', b'1', b'1', 55, 2, 664, 1663),
(665, '2018-04-23 18:00:00', '2018-04-23 18:30:00', b'1', b'1', 18, 3, 665, 1664),
(666, '2018-04-24 08:15:00', '2018-04-24 09:00:00', b'1', b'1', 34, 1, 666, 1665),
(667, '2018-04-24 09:45:00', '2018-04-24 10:15:00', b'1', b'1', 47, 1, 667, 1666),
(668, '2018-04-24 11:15:00', '2018-04-24 11:45:00', b'1', b'1', 13, 2, 668, 1667),
(669, '2018-04-24 17:00:00', '2018-04-24 17:30:00', b'1', b'1', 13, 1, 669, 1668),
(670, '2018-04-24 18:00:00', '2018-04-24 18:30:00', b'1', b'1', 51, 2, 670, 1669),
(671, '2018-04-25 10:30:00', '2018-04-25 11:00:00', b'1', b'1', 54, 3, 671, 1670),
(672, '2018-04-25 11:15:00', '2018-04-25 11:45:00', b'1', b'1', 31, 1, 672, 1671),
(673, '2018-04-25 16:00:00', '2018-04-25 17:00:00', b'1', b'1', 52, 3, 673, 1672),
(674, '2018-04-25 17:00:00', '2018-04-25 17:30:00', b'1', b'1', 49, 3, 674, 1673),
(675, '2018-04-25 18:00:00', '2018-04-25 18:30:00', b'1', b'1', 45, 1, 675, 1674),
(676, '2018-04-26 08:15:00', '2018-04-26 09:00:00', b'1', b'1', 47, 1, 676, 1675),
(677, '2018-04-26 09:45:00', '2018-04-26 10:30:00', b'1', b'1', 27, 1, 677, 1676),
(678, '2018-04-26 11:15:00', '2018-04-26 11:45:00', b'1', b'1', 37, 2, 678, 1677),
(679, '2018-04-26 17:00:00', '2018-04-26 17:30:00', b'1', b'1', 14, 1, 679, 1678),
(680, '2018-04-26 18:00:00', '2018-04-26 18:30:00', b'1', b'1', 41, 3, 680, 1679),
(681, '2018-04-27 09:00:00', '2018-04-27 10:00:00', b'1', b'1', 19, 2, 681, 1680),
(682, '2018-04-27 10:45:00', '2018-04-27 11:15:00', b'1', b'1', 15, 1, 682, 1681),
(683, '2018-04-27 16:30:00', '2018-04-27 17:00:00', b'1', b'1', 50, 1, 683, 1682),
(684, '2018-04-27 17:30:00', '2018-04-27 18:00:00', b'1', b'1', 35, 3, 684, 1683),
(685, '2018-04-27 18:00:00', '2018-04-27 18:30:00', b'1', b'1', 24, 2, 685, 1684),
(686, '2018-04-28 09:45:00', '2018-04-28 10:15:00', b'1', b'1', 10, 2, 686, 1685),
(687, '2018-04-28 10:30:00', '2018-04-28 11:00:00', b'1', b'1', 12, 1, 687, 1686),
(688, '2018-04-28 11:15:00', '2018-04-28 11:45:00', b'1', b'1', 25, 1, 688, 1687),
(689, '2018-04-28 11:45:00', '2018-04-28 12:15:00', b'1', b'1', 49, 1, 689, 1688),
(690, '2018-04-28 16:45:00', '2018-04-28 17:15:00', b'1', b'1', 18, 1, 690, 1689),
(691, '2018-04-28 17:30:00', '2018-04-28 18:00:00', b'1', b'1', 44, 3, 691, 1690),
(692, '2018-04-29 09:00:00', '2018-04-29 10:00:00', b'1', b'1', 47, 2, 692, 1691),
(693, '2018-04-29 09:45:00', '2018-04-29 10:30:00', b'1', b'1', 34, 1, 693, 1692),
(694, '2018-04-29 11:30:00', '2018-04-29 12:00:00', b'1', b'1', 51, 3, 694, 1693),
(695, '2018-04-29 16:00:00', '2018-04-29 16:45:00', b'1', b'1', 53, 3, 695, 1694),
(696, '2018-04-29 17:30:00', '2018-04-29 18:00:00', b'1', b'1', 13, 1, 696, 1695),
(697, '2018-04-30 08:15:00', '2018-04-30 08:45:00', b'1', b'1', 15, 2, 697, 1696),
(698, '2018-04-30 10:00:00', '2018-04-30 10:30:00', b'1', b'1', 37, 3, 698, 1697),
(699, '2018-04-30 11:00:00', '2018-04-30 11:30:00', b'1', b'1', 15, 2, 699, 1698),
(700, '2018-04-30 11:45:00', '2018-04-30 12:15:00', b'1', b'1', 29, 2, 700, 1699),
(701, '2018-04-30 16:30:00', '2018-04-30 17:00:00', b'1', b'1', 47, 1, 701, 1700),
(702, '2018-04-30 17:30:00', '2018-04-30 18:00:00', b'1', b'1', 20, 1, 702, 1701);




INSERT INTO `VENTA` (`ID_VENTA`, `PRECIO`, `FECHA`,`ID_MOVIMIENTO`) VALUES
(1,'45.00','2018-01-01 0:00:00',2000),
(2,'90.00','2018-01-01 0:00:00',2001),
(3,'100.00','2018-01-05 0:00:00',2002),
(4,'90.00','2018-01-05 0:00:00',2003),
(5,'140.00','2018-01-07 0:00:00',2004),
(6,'45.00','2018-01-07 0:00:00',2005),
(7,'120.00','2018-01-09 0:00:00',2006),
(8,'185.00','2018-01-13 0:00:00',2007),
(9,'140.00','2018-01-13 0:00:00',2008),
(10,'115.00','2018-01-15 0:00:00',2009),
(11,'140.00','2018-01-17 0:00:00',2010),
(12,'255.00','2018-01-19 0:00:00',2011),
(13,'110.00','2018-01-22 0:00:00',2012),
(14,'70.00','2018-01-25 0:00:00',2013),
(15,'70.00','2018-01-26 0:00:00',2014),
(16,'105.00','2018-01-28 0:00:00',2015),
(17,'240.00','2018-01-28 0:00:00',2016),
(18,'45.00','2018-01-31 0:00:00',2017),
(19,'60.00','2018-02-03 0:00:00',2018),
(20,'45.00','2018-02-03 0:00:00',2019),
(21,'90.00','2018-02-05 0:00:00',2020),
(22,'140.00','2018-02-09 0:00:00',2021),
(23,'70.00','2018-02-11 0:00:00',2022),
(24,'290.00','2018-02-14 0:00:00',2023),
(25,'210.00','2018-02-17 0:00:00',2024),
(26,'45.00','2018-02-21 0:00:00',2025),
(27,'115.00','2018-02-23 0:00:00',2026),
(28,'140.00','2018-02-27 0:00:00',2027),
(29,'115.00','2018-03-01 0:00:00',2028),
(30,'45.00','2018-03-02 0:00:00',2029),
(31,'30.00','2018-03-05 0:00:00',2030),
(32,'185.00','2018-03-07 0:00:00',2031),
(33,'70.00','2018-03-10 0:00:00',2032),
(34,'285.00','2018-03-12 0:00:00',2033),
(35,'240.00','2018-03-16 0:00:00',2034),
(36,'190.00','2018-03-21 0:00:00',2035),
(37,'30.00','2018-03-23 0:00:00',2036),
(38,'140.00','2018-03-26 0:00:00',2037),
(39,'70.00','2018-03-28 0:00:00',2038),
(40,'70.00','2018-03-31 0:00:00',2039),
(41,'130.00','2018-04-04 0:00:00',2040),
(42,'140.00','2018-04-06 0:00:00',2041),
(43,'45.00','2018-04-07 0:00:00',2042),
(44,'140.00','2018-04-09 0:00:00',2043),
(45,'95.00','2018-04-14 0:00:00',2044),
(46,'70.00','2018-04-16 0:00:00',2045),
(47,'50.00','2018-04-20 0:00:00',2046),
(48,'70.00','2018-04-22 0:00:00',2047),
(49,'70.00','2018-04-26 0:00:00',2048),
(50,'75.00','2018-04-27 0:00:00',2049),
(51,'260.00','2018-04-30 0:00:00',2050);